45,61,0,4,17,40.8
69,88,90,70,83,70
72,88,16,70,70,53.1
64,91,88,55,60,68.3
74,88,76,30,62,55.5
70,62,50,35,54,57.1
91,90,72,85,50,63.3
68,79,0,4,23,43.5
80,62,66,45,30,59.8
76,82,98,30,52,67.3
88,98,96,30,78,70
70,40,96,20,80,56.6
78,100,94,4,55,62.7
96,82,16,50,100,59.4
88,100,82,4,68.5,72.35
91,96,94,3,73.5,68.95
76,70,82,65,80,75.3
80,94,72,35,30,46.1
84,100,89,2,87,63
89,50,100,70,100,72.4
82,81,80,3,66,62.9
80,88,92,40,98,79.3
92,94,94,50,92,84.2
97,92,100,80,88,83.7
82,85,70,0,48,58.5
78,82,90,55,60,69
82,94,88,10,83,55.2
82,94,98,6,97,75.6
70,100,56,2,73,63.4
70,82,76,3,67,54.5
88,94,96,50,98,84.1
93,88,100,80,80,88.6
92,90,75,35,57,54.4
88,75,100,60,84,61.7
65,86,86,5,16,51.3
86,92,98,100,78,82.9
52,85,82,4,85,59.4
82,100,100,20,64,63.1
81,100,82,5,87,72
84,71,88,50,60,67.3
94,75,94,80,47,65
34,98,92,50,85,56.4
10,100,82,6,70,58.7
89,94,96,7,82,78.1
87,100,100,3,56,65.8
84,94,87,0,70,73.5
74,100,66,30,66,69.1
0,0,0,45,0,4.5
70,100,92,10,67,62.9
90,100,100,10,97,92.2
83,0,100,50,65,46.3
85,100,99,2,80,56.9
100,100,98,90,73,76.6
80,78,86,40,75,70.4
77,98,80,4,54,71.4
79,72,16,70,75,45.2
84,88,82,45,10,56.9
82,82,82,65,75,76.6
91.11,91,96,70,75,72.311
80,26,94,30,76,60.1
92,94,78,60,0,71.4
88,100,98,0,62,56.3
80,100,73,4,56,61.4
81,89,90,6,77,75.2
95,95,87,35,98,67.5
88,100,100,10,100,93.3
80,74,65,65,22,69.1
52,88,72,0,44,51.1
82,87,48,30,70,57.2
66,88,66,40,78,59.8
90,94,90,55,85,88.4
50,86,70,55,51,50.7
0,28,72,35,20,41.5
88,92,74,30,57,65.6
50,91,83,90,94,59.3
71,91,81,5,55,53.8
87,100,71,1,82,74
87,99,96,4,70,70.2
74,98,90,70,62,77.4
77,88,100,50,75,79
84,98,82,45,35,63.9
90,100,40,10,56,47.1
83,88,94,5,78,68.3
82,94,90,60,75,71.1
82,100,62,6,80.1,76.41
86,88,90,70,55,79.9
60,48,70,50,0,41.3
82,97,74,50,86,77.4
88,94,88,60,97,83.2
93,94,94,65,40,80.6
84,88,88,100,100,83.5
76,96,74,30,38,38.4
82,82,82,100,75,76.1
88,88,92,100,95,80.3
0,52,82,45,10,35.9
86,100,67,25,40,55.3
100,100,96,90,88,95.4
74,96,70,30,40,56
79,96,94,2,49,51.3
70,54,74,50,26,34.9
100,88,92,80,87,61.2
94,87,90,60,68,67.4
92,84,96,20,91,76.3
84,84,92,20,33,54.3
76,53,70,0,57,43.1
80,100,86,7,89,75.5
100,94,100,90,100,83.4
85,100,10,60,78,53.3
82,82,94,70,40,60.3
76,88,85,5,77,69.1
82,100,98,4,57,64.2
78,84,82,30,57,70.1
91,64,100,80,85,75.5
91,84,77,1,64.5,70.65
82,100,84,50,68,64.4
76,93,64,60,42,59
91,94,96,100,85,71.6
86,97,100,10,68,49.6
67,95,96,5,41,73.9
86,88,94,50,72,81.5
84.44,68,84,80,95,67.144
75,94,70,2,62,66.6
94,87,78,55,80,75.4
50,64,60,45,0,42.4
84,94,90,80,83,71.6
88,91,90,30,95,62.9
84,89,98,70,70,81.6
70,62,82,35,55,55.4
92,100,84,20,48,62.4
88,100,96,10,60,62.4
76,88,84,30,40,45.3
74,82,82,1,47,62.5
88,76,74,20,32,52
81,94,81,2,86.5,49.25
98,88,94,40,89,84.9
88,88,80,50,84,65
66,90,74,30,49,63.9
63,94,82,2,46,51.5
98,98,92,100,98,89.1
90,76,47,40,59,53.2
84,88,76,80,70,67.3
98,90,94,75,90,79.2
86,52,76,35,81,49
85,90,53,35,50,55.8
72,56,92,60,92,76.7
76,100,100,50,55,61.1
77.77,68,94,40,75,68.477
0,95,87,65,90,76.2
82,0,76,60,0,34.8
72,62,8,4,39.6,43.16
82,92,80,30,0,65.4
89,100,98,8,100,91.7
88,82,66,35,65,44.1
74,100,94,20,90,74.3
99,100,89,1,84,79.7
81,93,93,80,88,64
0,100,8,50,28,35.1
83,99,94,3,58.5,66.95
76,82,72,80,63,73.3
95,70,75,25,86,60.1
78,70,94,80,85,67.7
82,88,60,30,56,56.6
85,90,69,2,78,62.2
80,88,88,50,86,79.7
98,98,80,80,75,62.1
76,98,84,50,60,60.8
82,76,96,70,86,70.5
74,88,96,30,87,66.5
80,76,88,80,100,71.4
80,74,86,40,42,43.7
92,82,76,45,78,69.8
69,99,89,6,55.8,77.28
0,0,83,0,46.5,18.95
84,96,90,6,98,81.3
22,0,72,35,35,41.9
74,62,96,30,74,50.1
76,94,60,50,50,62
76,89,92,10,77,71.9
84,70,82,65,55,46.1
80,95,84,50,58,76.7
92,98,100,80,80,75.5
91.11,100,96,100,80,68.711
86,93,76,40,0,56
44,87,92,20,77,52.5
79,93,94,3,83,63.9
80,98,80,40,79,70.2
86,88,72,75,45,62.6
85,100,60,70,53,52.8
58,45,92,2,12,40.2
80,94,86,55,60,63
73,100,100,5,94,80.7
78,93,66,10,57,65.9
96,76,92,70,80,68.9
88,92,88,60,92,73.5
90,100,99,7,81,80.5
22,90,83,70,30,36.5
70,92,82,40,58,69.7
92,91,90,60,45,63.3
80,88,96,30,69,50.3
94,76,82,20,69,71.6
77,100,75,5,69,70.1
0,0,0,0,0,0
94,84,84,75,55,77.7
68,98,60,20,51,48.2
80,93,80,50,64,74.2
92,100,93,2,97,78.2
78,71,88,20,37,56.9
67,80,72,3,53,62.7
88,82,94,60,66,71
60,88,78,35,55,52.6
94,88,91,55,0,57.3
96,99,10,60,55,67.5
80,100,98,60,63,72.1
93.33,91,86,70,100,79.033
92,94,98,50,84,83.3
99,100,92,10,99,98
100,93,100,60,96,79.4
90,94,100,6,94,84.3
85,100,88,6,80,69.8
72,79,92,30,56,71.9
70,100,79,4,52,66.1
100,100,92,70,75,72.2
84,12,16,80,60,50.7
68,94,96,50,68,63.6
80,100,70,40,69,73.4
89,58,96,70,88,62.6
84,0,94,35,35,41.3
90,84,94,45,70,67.8
60,78,100,50,50,62.8
86,58,80,40,40,57.9
80,60,84,30,0,42.9
95,99,93,0,79,74.6
13,0,0,2,13,25.6
87,100,96,6,77,71.5
87,100,67,3,77,68.6
86,65,95,70,90,65.6
82,94,58,65,75,63.4
93,100,100,10,90,94.8
94,100,96,60,98,84.3
68,86,90,30,63,64.7
92,88,6,45,50,61.6
82,82,82,30,91,60.2
68,82,88,20,53,54.1
84,88,78,55,60,70.5
58,94,92,5,49,57.8
94,82,100,45,100,83.6
88,88,92,60,100,76.8
88,70,82,0,60,66.5
92,84,90,30,80,66.1
88,85,75,45,68,70.1
86,75,80,65,50,67.6
0,0,90,45,0,32
78,87,86,30,66,54.7
88,100,86,7,88,79.2
98,90,100,100,100,81.3
74,76,96,70,60,54.1
100,82,82,30,47,68.1
86,100,85,1,79,50
80,94,52,30,36,62.7
85,94,100,100,30,70.9
83,100,100,3,88,74.1
46,100,42,4,74,67.2
70,94,100,0,91,73.5
70,92,79,3,84,55
88,94,51,2,70,59.8
62,88,16,70,65,53.6
74,98,48,40,40,42.5
79,88,100,70,90,77.7
80,88,78,30,59,57
94,92,88,80,67,77.1
82,95,72,40,92,70.6
92,76,78,30,71,78.2
91,96,100,100,85,71.7
84,70,96,30,65,57
84,88,100,70,85,72.7
91,86,84,35,90,64.6
86,98,80,30,64,56.8
68,94,94,30,87,76.8
80,88,68,50,56,68.2
98,66,82,85,60,73.6
86,98,64,40,79,70.7
64,94,64,30,58,58.5
59,100,83,1,80,55.7
80,100,92,30,83,77.5
92,73,100,75,83,83.3
88,100,96,20,65,58.4
96,88,94,95,85,82.8
82,94,58,70,74,72.8
86,93,88,50,48,64.5
94,97,96,90,39,81.6
98,94,92,70,93,90.7
82,100,68,30,83,66.3
87,82,92,80,70,69.1
80,94,86,6,77,74.7
70,71,94,40,68,49.3
88,75,98,0,34,53
77,100,74,1,73,67.9
81,70,74,70,100,64.5
89,96,79,10,84,83.3
82,50,74,30,62,46.3
94,100,100,40,56,78
0,58,54,4,56,41.3
93,88,88,80,70,78.4
40,56,76,40,46,32.3
88,68,74,30,85,67
0,0,76,45,35,34.6
82,100,78,30,87,63.7
96,76,92,50,75,68.4
83,100,83,7,85,79.6
82,60,100,40,70,54.2
86,94,98,70,90,79.8
60,97,100,70,53,69
86,87,74,30,79,61.1
70,82,67,1,75.5,49.45
92,92,74,30,30,52.8
62,64,70,40,58,45.4
70,98,90,80,75,73.8
90,83,67,2,76,73.1
75,90,84,90,30,49.9
80,22,66,20,0,58.8
87,69,99,60,85,54.5
66,90,98,80,70,69.4
87,100,82,3,96,78
40,96,90,0,41,49.2
82,92,84,10,56,56.4
74,86,68,10,79,54.7
86,86,94,50,83,72.4
77,100,82,1,65,53.4
87,82,86,100,100,84.5
98,88,86,100,100,75.7
94,94,90,65,100,88.8
94,100,100,50,82.8,82.68
94,94,84,40,72,81.4
86,74,100,60,65,55
77,94,74,3,52,49.2
85,100,98,6,71,77.9
76,98,84,10,30,38.8
82,70,73,5,43,54.8
76,88,96,30,66,53.6
86,88,64,20,56,53.4
74,94,74,65,85,76.7
82,96,98,5,75,76.1
96,92,94,70,100,89.7
81,93,91,2,69.5,63.45
90,74,80,40,74,75.3
100,85,100,60,100,75
76,25,66,35,30,49.2
58,88,90,85,45,71.1
94,94,100,50,100,79.8
94,100,64,50,75,82.8
82,87,88,30,92,81.9
90,92,58,50,77,60.2
92,94,98,9,63,85.2
82,76,82,50,70,72
56,100,50,30,42,65.8
77,88,98,40,78,53.6
86,88,92,60,82,62.8
70,97,75,3,68,62
61,97,96,7,58,82.7
75,87,8,4,87,56.2
68,91,96,2,12,42.2
84,88,63,55,40,69
73,82,100,50,78,59.8
82,94,88,60,74,73.8
88,100,70,50,87,74
80,82,90,45,90,69.7
86,70,80,45,65,63.1
85,95,10,100,30,71
82,88,72,65,55,60.2
72,100,86,5,65,68.8
74,94,94,20,43,59
74,94,86,30,94,80.3
74,70,76,20,65,56.5
93,88,90,70,88,72.4
83,100,94,5,79,59.1
71,82,86,5,80,77.4
94,94,43,4,56,67.7
84,94,64,20,55,61.7
74,82,68,85,95,71.9
86,94,76,80,83,86.4
72,90,70,40,0,59.2
71,68,86,80,75,70
100,100,98,60,40,77.8
82,93,70,40,65,69
70,88,9,7,98,48.5
82,94,90,70,71,71.7
72,16,79,45,15,48.7
90,88,10,40,53,58.6
65,100,87,3,54,71.6
70,94,98,70,70,63.7
82,93,100,1,54,62.9
100,89,77,55,68,73.9
97,100,95,45,100,81.7
88,70,78,40,65,58.1
69,100,91,5,67,59.2
94,100,98,50,100,88.2
90,100,98,0,0,46.3
77,94,84,9,90,72.5
76,94,76,40,92,75.8
96,76,80,60,90,64.2
86,85,63,45,55,68.4
91,92,89,75,65,66.2
76,82,72,55,65,69
77,44,96,80,75,66.7
67,75,92,2,59,47.8
86,94,86,30,73,65.4
79,100,84,3,72,68
82,88,88,30,77,63
78,94,100,8,57,77.4
82,100,67,3,81,64.5
29,88,95,35,74,32.1
76,94,40,30,46,60.6
83,88,84,5,80,70.5
88,68,86,50,83,84
80,87,98,30,29,59.4
100,88,78,50,90,88.6
92,98,60,50,47,67.2
72,74,54,20,67,50.2
98,91,88,30,84,65.1
78,100,82,35,65,71.5
80,56,90,100,75,84.1
76,100,94,60,66,73.6
86,100,100,50,63,65.9
45,82,100,40,30,61.7
46,77,66,15,39,42.3
80,94,88,65,45,64.7
86,94,96,60,85,81.1
92,100,96,30,65,78.3
84,84,96,80,63,78.2
73,82,92,5,73,71
76,68,82,25,25,51.1
54,88,96,50,49,45.7
88,100,86,6,84,76.3
84,93,92,60,39,62.8
79,100,86,4,84,74.4
93,100,98,70,97,75.3
66,100,88,1,54,58.3
76,70,90,30,53,70.9
88,100,78,20,84,66
82,98,100,50,73,83.8
80,92,84,30,90,66.1
93,92,94,45,80,66.9
92,93,100,40,95,79
68,74,76,20,76,55.9
92,91,76,35,85,65.4
88,99,62,2,37,37.6
80,81,74,30,0,56.5
80,92,100,50,89,77.1
100,100,100,0,55,61.5
70,85,98,50,42,50.5
84,86,50,50,93,78.8
68,88,90,5,72,78.3
64,100,74,20,54,47.7
92,82,86,30,35,61.5
92,0,53,5,25,36.5
93,100,82,2,73.5,70.85
44,68,64,70,30,38.1
38,100,54,10,71,54.3
32,78,90,10,24,50.9
62,88,8,40,68,43.6
80,74,72,40,72,66.3
81,94,80,7,81.5,68.65
85,60,100,40,50,58
72,94,90,95,50,55.6
77,100,91,4,80,74.3
74,68,74,60,65,43.1
94,95,90,70,70,66.4
86,94,98,60,100,86.3
77,100,82,0,63,52.7
84,90,94,30,63,54.1
100,91,73,100,83,86.2
98,88,94,25,35,57.5
100,100,96,30,73,80.9
76,100,40,20,63,46.9
73,46,98,40,75,45.2
94,80,100,80,50,64.4
82,100,86,40,84,75.7
88,100,78,40,70,66.6
80,92,100,40,55,68.2
100,86,90,90,85,85.1
80,98,100,40,70,80.3
82,79,20,85,64,57
82,80,96,20,65,68.8
86,98,92,50,100,73.1
86,100,70,30,41,43.2
80,79,86,40,30,62
94,88,90,0,98,63.5
80,89,68,10,68,57
94,91,66,55,100,70.1
76,62,5,2,66,47.9
80,100,100,10,65,50.5
91,85,93,70,80,85.4
88,84,80,60,100,74.7
79,73,98,3,41,64.6
82,92,80,60,85,74.4
94,98,98,20,48,57.8
82,98,96,20,54,71
70,68,5,1,3,34.1
84,82,70,60,100,67.6
86,88,72,40,76,52.7
68,100,84,1,25,51.2
84,100,95,5,62,75.6
62,70,78,70,50,65
94,81,94,70,70,71.4
0,100,94,100,100,81.9
76,100,84,60,83,77.3
88,90,88,30,73,76.4
75,100,93,5,77,78
81,99,92,5,86,71.8
88,100,92,5,92,76.2
90,100,96,60,80,75.6
86,60,70,50,83,51.4
67,97,89,90,82,57
85,79,100,40,48,57.7
94,70,10,100,80,58.4
84,83,74,40,52,74.8
45,53,47,5,60,40
90,96,82,2,61,54.9
89,86,84,60,90,72.4
87,94,92,80,75,74.3
80,86,72,35,65,56.8
84,79,80,55,95,76.3
85,78,77,70,71,68.6
89,91,94,8,52,82.6
73,94,100,40,55,55.7
100,85,80,100,79,79.4
71,94,90,2,58,45.8
80,88,94,20,82,64.4
76,100,90,40,90,76.1
77.77,77,94,80,70,77.877
88,88,94,70,73,83.3
70,62,82,45,35,42.9
46,68,78,3,80,59.2
98,90,93,55,78,79.4
92,88,78,40,76,62.4
82,0,0,10,0,9.2
83,79,84,2,48,46.4
68,0,72,40,24,35.4
46,100,97,1,78,62.1
91,87,84,75,92,79.9
78,86,90,30,94,49.8
54,43,90,3,47,41.9
57,90,78,3,25.2,49.02
88,100,98,70,50,73.1
88,82,88,40,65,68.8
34,81,55,6,59,48.4
82,81,100,70,0,67.3
52,80,89,60,69,55.5
90,94,88,4,29,65.1
66,94,84,85,90,63.9
70,61,51,2,38,47
80,100,70,10,64,52.4
73,82,59,3,0,40.9
88,94,88,45,40,66
90,92,76,85,75,74.3
100,80,96,60,75,70.1
56,58,90,0,13,44.7
88,93,88,30,65,70.9
96,90,53,35,85,66.9
82,97,86,30,59,55.4
64,100,93,2,70,60.2
84,96,86,3,80,63.6
83,100,82,4,79,56.9
96,94,16,80,60,62.1
82,100,98,50,95,77.5
80,93,86,20,72,63.1
100,100,90,40,53,71.8
93,100,99,4,92,81.4
68,64,86,50,48,61.1
83,90,10,60,95,53.3
85,62,84,60,30,44.6
72,70,70,35,60,41.7
91,34,47,5,55.5,47.25
80,71,56,20,46,51.8
76,100,78,20,90,61.4
92,86,75,45,51,62.9
79,82,100,40,30,56.6
83,94,94,5,85,65.6
79,70,92,60,85,69.6
80,100,94,40,24,65.8
92,97,95,100,63,59.2
81,100,98,6,73,82.2
94,80,100,50,86,82.5
80,77,70,65,68,70
88,95,76,40,36,64
100,98,94,40,50,67.2
88,94,80,60,75,82.2
92,68,98,30,96,79.4
84,86,80,60,73,65.8
87,56,78,100,80,76.6
82,100,92,60,94,82.8
66,100,84,3,73,58.8
80,75,96,20,39,51.5
80,93,38,30,66,65.2
73,93,89,3,78,70.8
77.77,89,82,80,80,63.877
88,0,90,10,30,32.3
87,100,83,5,64,75.9
65,81,93,3,76,64.5
89,94,100,4,60,72.8
77,80,79,3,38,52.9
81,86,81,2,80.5,67.85
74,86,82,2,61,56.8
79,82,100,60,65,57.6
88,62,78,65,80,66.8
84,88,76,55,100,67.8
71,85,74,3,33,47.8
90,82,90,45,55,69.7
66,95,84,2,64,48.4
86,86,16,40,32,59
60,96,86,3,60,45.2
80,86,60,30,44,55
92,94,94,8,100,86.5
76,87,79,1,85,53.2
94,76,78,25,90,75.3
76,100,79,4,84,74.4
70,71,86,20,97,65.4
82,86,92,40,42,50.7
62,88,94,60,75,79.4
78,70,58,75,85,61.1
80,70,80,45,65,62
82,88,90,55,35,69
94,95,96,40,100,82.5
62,94,58,25,91,57
94,94,80,60,95,77.8
88,73,84,40,71,54.6
75,70,92,1,38,53
82,62,90,60,82,66.1
98,100,86,40,75,53.9
68,94,86,20,60,68.3
91,82,78,60,70,63.1
84,52,96,2,52,57.4
90,79,92,50,100,76.1
89,88,88,70,70,62
85,92,76,75,100,72.3
100,82,84,95,100,90.6
84,80,88,45,60,59.7
90,76,90,80,59,82
64,66,70,55,100,62.5
84,98,76,60,47,71.5
77,96,70,2,66,60.4
86,84,83,50,70,61.8
100,100,98,80,98,85.6
75,92,86,60,55,57.8
82,100,96,70,53,77.6
86,100,90,10,60,71.6
74,70,86,45,55,57.5
90,95,95,60,30,61
76,77,42,10,83,50.3
82,88,74,75,60,65.9
71,100,74,4,79,59.9
76,94,88,20,30,58.8
94,100,85,4,74,70.3
72,56,96,100,55,72.9
92,96,96,50,59,80.8
88,100,100,60,78,69.6
82,88,72,25,70,56.7
68,94,92,50,75,57.4
86,100,92,40,96,87.9
82,94,80,4,67,59.8
54,93,76,30,8,52.6
94,100,92,30,88,73.9
91.11,91,98,80,95,72.011
82,100,96,30,87,65
93,100,100,7,83,90.6
94,87,88,10,100,65.4
85,94,75,55,44,72.3
82,88,78,20,97,65.5
98,88,84,70,88,81.8
100,100,93,5,79,85.7
64,97,85,0,52,56.8
82,100,100,5,76,82.3
64,86,92,20,56,49.8
100,94,94,75,90,83.8
78,88,76,45,35,55.7
88,94,76,20,44,54.7
82,94,56,20,61,58.3
93,96,89,45,100,69.8
86,80,80,40,92,65.3
76,100,98,4,81,82.5
81,100,91,6,63,66
90,89,92,70,72,64.3
76,92,78,40,66,72.7
56,0,90,75,35,49.6
92,98,90,40,45,72
89,98,95,50,62,67.9
98,55,100,100,66,64.9
87,77,98,7,85,87.2
6,88,90,70,70,60.9
88,87,92,40,39,54.1
94,88,72,35,35,64.4
96,70,100,100,79,85
85,100,100,90,70,72
94,100,90,80,98,91.2
69,88,91,2,67,53
94,88,63,25,75,63.5
77,79,67,3,91,66.9
68,52,73,1,72,44.5
62,0,66,20,12,25
68,100,88,35,25,44.6
90,90,80,60,82,72.2
100,99,79,90,69,66.2
62,86,96,30,71,67
72,81,94,40,30,40.2
88,76,46,80,62,54.2
68,80,88,20,35,50.6
60,70,86,40,77,64.3
86,98,98,60,86,83.3
79,97,89,3,66,60.6
76,88,92,30,72,59.8
86,94,82,30,92,81.4
82,94,97,7,61,73.9
84,88,88,65,85,64
83,100,85,6,63,76.1
81,83,96,85,80,77
100,91,70,95,80,83.1
98,85,84,50,61,52.8
62,100,100,40,72,61.4
80,93,70,10,43,49.1
88,94,80,90,64,81.6
74,88,74,20,73,50.4
56,88,94,10,46,54.4
96,88,84,80,100,71.3
80,70,82,45,30,65.2
86,92,66,10,49,53.3
58,100,90,3,61,57.9
94,100,80,60,0,70.4
73,80,89,4,60,68.7
94,94,70,50,62,80.5
88,98,94,20,35,59
84,97,67,5,93,74.6
79,90,100,2,61,46
76,40,86,50,85,60.2
67,87,42,2,62,46.3
90,82,82,60,87,83.6
80,100,100,3,94,75.9
18,88,44,10,52,47.7
68,89,81,3,42,52
67,100,98,55,80,64.5
86,98,89,25,55,63.3
68,74,86,10,29,48.2
68,93,66,10,48,55
72,87,70,45,100,65.4
68,78,86,30,44,56.1
100,90,98,100,80,79.3
84.44,89,96,80,95,66.444
86,90,80,55,75,69.1
89,70,85,80,100,64.4
84,88,100,90,83,76.5
93,99,97,3,88,78.2
72,100,71,5,79,59.7
86,62,92,40,42,63.7
85,96,93,45,10,46.4
94,84,94,95,65,74.2
85,94,92,3,95,71.1
64,94,74,0,55,59.2
30,82,98,40,63,58.3
88,68,90,55,35,62.1
84,77,92,30,94,76.7
59,88,84,60,33,65.4
86,100,84,40,60,62
84,58,72,85,35,73.9
93,56,96,90,100,77
76,75,58,30,90,63.9
85,88,88,2,84,71
95,100,96,7,96,90.7
93,82,92,90,83,71.5
94,100,90,65,55,78.4
86,99,100,40,70,69.5
96,90,89,85,85,76.5
83,100,96,7,92,82.1
88,100,78,50,70,74.6
96,82,68,70,70,66.1
56,78,70,5,49,37.8
94,85,77,75,88,78.9
94,88,92,90,80,75.4
80,88,50,50,75,57.3
100,80,92,90,92,88.4
72,70,96,50,47,63
76,100,62,2,78,63.6
87,100,98,1,58,59.3
80,91,80,45,55,68.1
86,83,74,20,16,57.9
85,75,90,55,80,70.5
95,87,100,4,70,71.2
61,94,70,2,62,44.2
77,100,96,0,73,64.6
92,100,98,50,64,73.4
82,91,96,70,53,54.2
89,88,90,60,65,66.7
34,98,84,40,81,64.7
78,72,9,6,62,44.6
79,97,91,50,60,55.2
98,100,60,8,98,78.1
90,94,68,25,35,50.7
94,85,92,35,0,56.1
78,94,82,5,90,74.4
94,94,96,8,78,67.7
88.88,89,100,80,60,56.788
67,70,82,4,88,71.7
79,82,90,100,75,85.6
93.33,91,96,80,70,79.033
85,93,62,1,0,41.5
85,100,94,4,70,75.4
74,80,76,90,74,71.9
90,82,96,20,56,49.4
22,88,94,60,60,63.4
89,68,100,50,100,62.2
80,100,86,3,59,76.5
88,80,84,55,35,68.2
72,87,60,25,60,55.9
97,81,94,75,75,80.7
90,99,100,10,20,55.4
93,99,100,3,97,70.9
68,94,66,2,61,51.9
92,87,78,60,64,75.1
88,70,94,70,73,79.5
86,70,58,30,50,65.4
100,88,90,35,45,71.3
90,86,68,20,83,66.2
78,90,84,10,28,46
92,94,72,65,50,56.8
93,88,100,90,70,78.6
86,97,47,70,30,60
94,90,69,0,58,47.6
88,86,94,30,81,74.9
92,95,80,55,55,63.2
93,88,98,40,98,72.2
64,94,98,3,68,68.9
76,66,80,10,76,49.8
70,45,74,50,54,53.3
80,94,100,50,73,64.7
84,76,95,5,87,62.2
87,10,93,90,93,66.8
80,94,90,10,60,53.4
90,94,76,85,95,80
74,0,74,45,92,69
82,100,94,6,85,74.6
85,95,95,100,75,68.5
79,86,77,4,88,61
100,91,73,85,68,84.2
88,95,100,65,56,71.4
94,100,100,9,92,89.6
58,94,100,50,85,71.2
72,93,80,40,65,58
77,88,100,50,90,52
91,88,76,60,70,60
79,88,16,70,50,59.8
78,100,89,3,90,70.7
92,92,80,90,91,85
72,95,100,3,28,58.5
89,58,64,90,80,67.1
82,86,60,60,27,50.5
66,79,90,70,86,75.1
94,94,72,55,100,70.5
84,82,82,100,80,76.3
86,94,86,30,87,70.3
83,94,100,60,76,54.8
88,82,94,40,56,73
100,100,94,60,99,87.8
76,52,16,90,95,62.9
75,94,92,3,69,64.5
72,92,87,5,43,70.9
93,100,50,50,68,60.6
90,94,63,25,40,56.2
82,90,94,0,77,58.3
84,88,86,65,70,71.8
72,92,86,35,30,63
86,100,78,6,73,72.2
76,100,98,30,43.2,55.22
87,82,92,50,100,76.6
100,79,91,50,50,76
90,99,76,40,78,74.3
84,94,74,40,45,63.2
82,94,98,65,95,80.9
70,100,85,2,19,62.9
86,76,86,75,90,67.8
96,91,82,65,100,71.4
76,94,98,20,38,56.1
70,100,8,5,53.1,57.11
93,89,94,45,84,74.5
80,98,96,30,91,70.5
88,94,84,50,92,76.3
95,55,100,80,99,70.9
90,94,76,85,90,86
94,70,70,35,65,61.4
58,97,87,2,42,64.9
82,88,92,20,72,56.4
96,94,76,25,12,59.8
89,88,100,80,65,76.2
71,70,66,5,47,60.9
88,94,94,30,70,69.1
91,75,92,70,73,59.6
74,42,76,35,60,61.2
87,99,85,5,69,69
80,82,80,40,48,69
64,82,56,65,55,66.2
76,89,84,10,45,52.9
86,90,90,70,73,64.4
76,51,98,2,22,46.7
83,100,100,6,94,81.7
64,85,94,1,50,51.8
84,100,96,6,38,75.8
74,90,88,20,45,57.7
90,100,92,7,86,86.8
88,87,86,20,92,62.8
88,84,82,40,33,60.2
80,96,96,60,66,69.3
91.11,91,98,60,85,79.011
86,76,72,30,45,61.9
61,56,87,5,36,46.5
82,88,96,50,76,67.7
89,100,97,6,95,68.1
88,56,90,20,85,53.9
75,99,98,2,26,45.8
80,91,100,30,61,77.2
82,95,86,10,47,61.5
68,62,86,40,50,56.1
90,68,68,85,70,72.1
68,86,86,30,30,49
54,0,20,45,29,45.3
94,95,80,20,0,56.9
94,100,70,85,65,76.9
100,70,90,60,80,65.5
73,100,98,6,74,64.5
50,94,84,2,56,56.9
79,100,94,5,88,80.6
70,94,94,25,60,61.3
86,94,92,30,85,61.2
68,74,76,10,43,45.6
100,82,84,20,72,69.8
83,99,32,3,36,62
60,90,98,35,73,68.6
98,93,80,50,84,66.5
68,93,88,30,79,70.3
66,82,90,90,90,59.8
94,100,94,20,89,66.2
100,94,82,95,75,88.6
59,95,65,5,62,66.6
87,68,100,60,100,69.5
93,100,84,3,78,70.5
94,88,86,30,78,70.1
94,88,98,50,40,57
93,94,92,100,83,77.7
68,90,90,5,57,62.5
80,94,94,40,74,69.2
86,86,90,20,94,60.6
85,100,95,90,70,79
91,95,60,60,70,54.1
94,88,76,45,64,74.2
90,100,96,50,89,80.5
82,82,94,55,95,74.3
70,93,91,7,90.5,74.95
62,92,84,40,36,49.9
98,88,90,60,82,73.8
95,100,93,8,80,76.8
88,91,86,60,0,57.5
90,100,98,1,80,73.3
69,80,58,5,88,56
100,94,90,90,95,91.4
86,91,94,1,60,57.6
73,74,90,90,61,77.3
82,77,64,2,73,61.6
90,86,91,25,70,56.7
88,98,88,50,83,80.2
84,100,96,30,39,70.9
80,97,94,30,100,78.1
84,76,86,100,90,78.6
72,100,98,6,77,79.2
92,94,96,50,40,71.2
86,82,84,80,72,77.9
80,94,68,30,54,66.6
79,100,80,4,83,62.7
64,93,45,5,48,69.5
88,100,82,40,92,69.7
68,76,78,30,46,48.8
86,100,94,0,27,46.7
77,88,88,50,100,56.3
74,88,94,35,45,61.6
94,79,68,20,63,60.9
80,92,74,20,72,60.3
88,77,90,0,52,58.2
71,93,96,5,71,75.6
88,61,79,65,77,70
84.44,85,100,80,100,61.444
77,94,97,5,51,72.4
80,88,96,60,61,64.5
86,85,88,60,54,78.8
80,68,72,30,62,60.2
76,81,84,4,52,52.8
100,82,96,60,100,75.8
88,80,72,10,74,47.9
83,90,98,65,60,63.1
91,94,82,80,74,61.1
50,70,47,5,35,43.2
88,88,80,60,76,66.2
81,100,94,0,53.5,57.35
100,100,90,75,100,85
94,76,62,60,80,64.2
60,85,70,65,91,77.6
82,62,78,10,0,47.2
66,88,56,65,40,64.5
84,70,70,95,95,77.4
87,93,100,7,67,72.7
83,94,100,2,66,74.8
72,88,88,2,51,46.4
88,100,94,4,71,67.3
80,100,98,50,72,78.5
89,68,80,50,60,56.7
71.11,91,70,60,50,49.711
97,94,89,100,70,69.5
87,62,70,50,75,50.4
86,94,72,45,50,67.7
79,82,92,90,90,78.8
82,94,88,20,35,53.9
80,88,93,5,65,74.1
83,71,92,3,91,70.2
84,92,88,60,85,85.9
70,99,85,1,77,49.6
73,64,76,90,75,56.3
92,93,96,40,77,81.3
92,79,100,70,89,74
88,54,100,30,80,62.2
89,100,78,90,95,76.2
74,74,96,30,73,64.2
79,96,89,5,87,69.6
88,94,96,30,78,64.6
66,91,80,10,85,51.2
67,97,98,2,64,67.1
82,100,68,30,41.4,60.64
84,78,80,20,64,52.1
72,54,86,40,67,65.4
86,94,0,40,47,51.7
86,94,90,30,25,56
89,76,100,60,90,77
84,74,96,50,55,52.9
82,82,90,80,71,84
94,93,100,20,86,76.3
98,95,100,70,78,83.1
91,95,74,60,75,60.5
74,75,10,70,65,53.9
89,100,100,5,99,83.3
86,95,95,70,95,82.1
96,100,80,3,72,69.8
94,94,82,55,20,61.5
89,99,85,4,88,59.1
82,88,82,30,67,71.9
64,88,86,50,88,64.6
84,94,100,6,93,79.6
64,82,100,100,95,88.1
82,98,40,40,60,54
74,100,90,30,52,51.6
84,91,93,60,55,61.8
93,62,89,55,70,65.9
83,70,94,2,49,67.6
100,40,100,50,70,51
76,100,94,3,53,62.8
100,94,95,5,59,72.8
76,65,20,15,72,54.3
94,70,90,65,50,64.9
76,71,75,15,51,52.3
86,100,89,6,90,65.5
84,91,36,20,49,52
64,45,0,10,0,18.9
91,97,92,35,56,66.6
90,85,80,20,78,57.3
86,68,90,40,47,63.1
82,80,76,40,69,75.2
78,94,86,80,79,75.2
77,82,90,60,95,54.4
94,88,92,4,75,62.9
74,90,44,2,79,51.7
86,88,94,40,81,70.4
80,98,98,20,82,70.3
84,94,92,60,88,84.8
94,92,90,0,84,76.5
70,74,98,6,85,78.2
89,88,92,60,55,51.4
100,62,92,100,95,87.4
73,85,88,5,58,51.9
94,100,84,70,81,76.4
71,82,85,3,79,66.2
88,94,96,30,72,61.5
76,100,67,4,80,70.8
86,98,84,60,80,80.8
88,94,98,6,84,82.4
94,68,92,10,91,64
95,91,93,90,75,75.9
94,91,66,5,75,71.1
70,74,93,4,73,65.5
68,100,50,20,48,57.6
70,88,66,65,0,53.9
76,92,90,40,86,70.4
78,70,70,85,100,62.8
80,82,66,30,68,52.1
100,97,75,55,62,74.4
44,76,82,55,30,47.7
84,88,94,20,42,71.3
82,94,70,100,95,73.1
87,97,88,6,63,73.5
88,100,96,70,67,75.1
82,88,92,20,40,55.7
100,82,78,90,70,74
75,70,98,2,56,65.4
82,88,80,40,73,62.3
84,86,80,60,78,71.8
84,62,20,45,66,46.7
64,96,84,30,50,57.4
58,82,86,20,75,47.6
82,94,98,20,24,54.8
83,88,36,3,68,55.5
96,80,77,40,72,57
81,79,68,5,71,67.9
68,91,96,80,71,62.6
91.11,100,98,100,80,92.911
88,34,90,40,48,62
89,68,92,100,100,80.4
70,86,98,10,45,52.4
82,100,84,7,84,79
84,86,78,20,55,60.3
74,65,56,10,68,52.3
88,88,94,40,59,73.4
63,76,10,60,75,61.4
79,80,90,80,73,67.7
88,86,100,40,86,67.5
90,100,74,75,40,72.4
80,85,46,40,92,52.3
94,94,76,30,77,63.6
79,88,83,70,55,51.5
86,100,100,40,45,63.6
76,84,90,4,87,67.2
88,100,45,3,73,64.6
76,94,80,20,72,67.2
81,64,88,70,85,63.3
92,100,93,8,88,87.8
76,93,100,30,50,72.4
66,79,94,4,56,58
67,84,67,3,53,49.1
80,88,72,20,85,64
79,95,92,7,93,83.4
93,68,86,60,85,70.2
100,70,82,90,30,73.2
83,97,95,2,50,76
98,92,90,60,80,67.5
72,98,60,50,33,63.3
24,78,84,1,18,27.9
89,90,10,80,65,64.4
100,100,98,9,82,91
86,93,100,20,68,64.7
84,35,100,50,65,44.9
94,100,94,55,80,84.8
74,92,62,30,31,44.9
72,80,66,50,64,70.7
56,88,100,40,32,52.1
82,76,74,40,71,73.8
75,94,82,0,97,71.8
89,84,43,6,74,70.5
92,86,84,60,66,74.8
76,100,98,1,84,73.8
70,86,84,10,34,47.4
78,99,80,85,70,80.2
42,98,86,0,81,69.2
76,70,82,65,20,58.3
76,94,72,65,25,52.2
98,100,87,25,80,71.5
95,94,92,70,71,72.7
74,62,68,30,61,43
64,100,67,25,50,61.6
90,76,94,80,67,72.2
82,100,92,10,76,73
85,100,96,1,77,67.3
62,62,58,60,90,49.7
90,91,55,55,44,71.5
93,82,100,80,86,80.6
91,0,95,60,70,56.1
82,94,88,4,64,71.8
60,91,98,80,100,65.4
93,70,76,100,88,74.2
86,90,84,40,92,80.2
62,94,88,2,69,48.3
94,100,96,30,75,75.5
100,80,100,40,95,60.5
58,83,90,60,98,68.4
91,99,54,2,62,63.1
81,88,100,60,65,62.9
69,100,96,2,73,57.8
86,87,70,30,52,51
69,0,0,5,17,25.6
92,64,80,35,63,60.4
76,86,96,30,79,60.7
68,0,0,30,33,31.6
100,88,100,90,94,73.2
85,100,70,3,57,58.7
81,94,76,70,85,64.6
70,80,97,3,66,79.8
88,93,90,30,60,73.1
90,76,88,75,85,83.4
82,94,56,10,83,65.5
64,94,78,0,69,54.5
78,91,70,35,63,57.7
78,80,66,25,75,43.9
75,93,82,3,56,68.6
86,98,92,60,87,82.3
82,100,94,6,58,66.9
86,95,100,40,85,59.6
96,83,88,90,68,75
90,100,85,45,85,73.5
67,100,56,1,37,55.5
49,88,98,8,86,73.6
94,82,76,60,76,70.8
74,41,82,5,78,65
94,0,80,0,49,27.8
83,90,85,60,90,66.8
91,90,85,70,65,54.1
86,88,63,55,35,58.2
88,100,94,40,80,77.7
96,88,92,90,100,94.6
0,80,88,35,85,45.8
60,91,94,5,44,56.4
96,92,72,70,90,81.5
49,70,0,45,40,41.4
82,86,90,20,68,53.1
0,58,100,40,80,51.8
0,72,84,50,30,45.6
83,81,84,30,62,58
84,76,90,80,96,67.1
82,100,78,50,89,73.4
82,80,90,20,53,61
70,56,78,50,55,49.9
84,82,74,45,50,69.5
81,88,90,60,85,78.9
86,62,74,55,65,62.7
74,70,96,45,55,49
76,93,100,20,71,67
85,100,100,3,94,80.4
66,91,68,50,50,68.5
90,99,94,20,100,73.3
0,0,60,10,0,13.5
90,82,68,75,70,66
73,74,82,80,30,48.4
84,88,88,60,100,60.5
80,82,76,50,46,56.9
80,93,94,20,50,58.7
81,100,96,2,71,65.3
84,77,66,40,50,46.2
75,94,74,3,68,61.6
74,94,76,75,83,70.7
72,62,67,35,40,47.1
76,57,70,3,54,43.5
82,100,94,50,72,79.8
84.44,68,70,60,100,83.744
88,80,42,20,52,56.7
86,0,65,5,51,48.2
40,70,90,70,70,57
0,94,36,50,0,41.5
72,84,58,10,79,43.8
92,88,70,80,88,84.8
92,90,100,80,100,85.2
0,0,90,10,41,26.1
94,100,94,90,91,92.9
52,0,50,5,0,29.7
76,70,98,85,35,60.9
90,92,94,35,53,67.9
62,88,98,20,84,69.7
100,96,80,70,70,62.1
100,70,92,100,30,78.7
93,93,86,70,50,54.2
86,0,95,60,95,53.1
76,84,76,60,80,68.1
86,76,58,30,90,65
0,85,75,3,35,49.5
98,80,80,40,60,56.3
93,88,96,80,88,90
78,94,82,10,40,56.9
86,99,70,2,64.5,58.95
96,92,78,60,69,78.5
80,86,86,50,21,49.3
84,86,96,65,50,79.1
77,88,100,60,100,62
81,82,76,50,80,54.4
85,86,90,3,82,54.8
100,82,88,70,85,64.5
58,87,66,15,100,59.1
81,94,80,3,85,64
80,0,92,50,68,57.5
58,96,84,1,30,59.3
81,88,16,50,100,63
65,32,78,5,34,48.4
68,74,96,50,45,60.3
78,87,86,40,68,64.9
92,100,76,60,75,73.8
80,72,78,20,46,62.6
72,63,92,60,58,45.5
77,88,98,60,70,71.8
77.77,91,86,90,75,73.977
94,90,92,60,100,79.6
51,85,88,5,55,57.4
80,66,58,30,31,49.5
90,88,100,50,67,66
83,100,96,2,76,62.5
91,80,93,75,40,70.4
82,100,100,2,92,69.9
93,100,97,7,77,84.7
84,94,86,30,85,62.4
34,95,64,10,44,39.7
77.77,100,86,60,90,74.377
100,88,94,70,86,78.3
84,64,98,40,70,59.6
88,100,100,80,94,92.2
86,75,94,45,65,65.5
70,56,74,60,60,53.5
48,68,90,65,60,53.1
81,100,85,5,74,81
85,100,90,4,78,74.3
97,93,84,60,70,67.9
93,100,96,100,100,82.4
82,93,98,5,88,85.1
86,100,96,5,56,71.8
82,82,74,50,48,69.1
84,94,88,55,55,70.1
94,91,92,65,80,82.7
78,82,82,55,60,63.7
62,74,94,4,64.8,70.48
62,82,40,20,56,49.5
68,88,58,70,29,58.3
94,92,100,50,10,74.1
80,64,70,0,30,41.9
83,94,96,2,75,77.8
89,86,58,70,85,71.3
88,89,76,30,54,56.7
68,62,76,50,70,48.1
86,97,86,50,60,57.4
100,100,96,70,75,91.1
62,20,74,30,53,53.4
58,91,99,100,69,72.7
73,85,100,60,75,55.3
94,76,82,55,85,69.7
70,85,100,100,30,74
76,98,83,2,37,43.4
75,100,100,1,95,56
0,46,94,35,43,42.3
83,100,95,6,94,77.7
80,84,68,50,75,74.7
80,88,72,45,35,55
58,50,20,35,66,41.4
82,100,88,30,72,70.7
84,85,88,10,34,52.6
78,89,92,20,51,45
70,94,96,0,53,40.8
83,100,68,3,59,67
0,98,82,55,85,61.5
94,91,88,85,95,85.8
86,68,100,50,78,67.2
94,98,82,80,79,83.3
98,70,100,90,62,77.5
74,100,96,90,74,80.4
86,94,100,50,35,75.5
28,92,74,40,52,56.6
67,96,82,4,25,52
91,100,19,3,0,51
60,94,44,0,84,28.2
74,94,84,50,80,75.7
86,90,95,50,75,48.6
58,87,96,10,42,60.8
94,92,98,40,45,72.9
88,100,85,3,83,73.1
75,90,78,60,85,58.3
85,100,100,1,65,63.5
90,82,94,65,95,68.1
81,89,88,2,62,53.5
82,62,72,100,80,82.1
82,94,94,50,64,72.9
74,68,78,0,51,42.1
96,88,84,100,75,81.8
60,74,58,65,25,43.7
88,100,90,30,77,73.5
78,91,66,45,80,64
84,88,60,1,42,38.9
91,68,70,100,90,72.9
90,98,63,35,90,69.1
76,100,96,10,39,60.1
74,94,70,30,36,47.4
86,94,74,20,94,79.3
88,94,76,40,55,65.3
91,98,94,85,55,71.3
72,4,16,60,80,40.2
91,70,96,100,95,76.7
94,25,91,70,69,66.4
87,100,95,5,89,83.6
74,88,95,2,48,58.5
90,90,91,6,87,69.3
84,83,80,40,63,62.5
83,96,88,4,90,78.2
88,100,92,20,45,59
59,92,72,3,80,70.3
83,76,74,45,85,73.3
96,100,95,45,100,77.6
76,80,76,80,73,49.5
93.33,91,98,100,100,84.733
87,94,76,80,70,65.7
96,56,78,80,30,59
81,64,74,70,90,57.4
78,88,78,80,94,76.3
96,89,98,70,84,82.2
86,90,95,90,30,73.6
98,94,64,40,83,62.9
90,86,94,65,100,77
69,80,92,50,30,53.6
91,88,86,100,100,87
90,94,86,95,90,87
64,100,100,4,28,53.2
84,81,93,4,97,71
76,56,80,60,51,66.8
100,95,95,50,95,65.5
94,100,100,5,67,79.6
93,95,94,50,80,70.2
70,100,96,2,48,60.4
68,86,68,40,55,55.2
0,30,80,50,44,40.4
86,94,74,80,81,74.5
88,86,76,75,55,66.5
84,88,88,80,78,67.8
80,50,49,70,70,45.9
88,89,96,40,82,64
0,86,93,75,75,64.4
81,100,91,6,61,68.8
74,88,82,30,24,62.8
78,94,80,3,82,66.4
86,82,74,60,95,74.2
90,91,82,50,100,75.8
81,88,93,2,46,56.3
80,100,96,60,83,76.4
92,88,88,60,74,73.2
71,96,97,3,74,66.8
84,88,82,55,10,50.4
88,96,96,3,95,71
84,92,75,65,68,69.4
66,45,88,20,53,55.7
88,80,47,45,33,53.3
74,100,98,30,90,68.2
84,94,92,65,85,76
78,83,88,40,87,71.1
96,96,94,60,72,75.8
78,94,52,35,55,49.9
77,80,96,85,65,67.8
81,91,10,90,65,72.2
78,96,100,20,60,70.4
68,64,42,35,100,59.9
80,88,94,50,76,69.8
97,86,94,80,49,69.1
76,86,78,60,94,74.4
82,88,94,30,71,59
88,75,90,30,80,70.8
80,84,70,30,90,65.4
96,100,78,70,100,68.4
92,88,100,80,82,83.2
88,100,82,60,43.2,80.82
91,100,92,55,60,76.3
86,87,86,30,44,65.8
86,100,96,3,57,55.9
88,84,98,10,59,54.9
88,96,96,8,97,86.2
80,100,90,70,98,64.8
76,88,74,20,90,73.8
64,70,74,25,0,49.3
74,100,84,60,74,68.2
50,88,94,60,24,45.1
86,82,68,65,80,64.6
88,93,82,65,81,74.9
93,100,70,90,90,79.8
68,70,80,40,65,62.8
88,100,98,5,88,80.9
86,85,95,70,66,66.2
96,93,96,40,88,75.8
82,88,96,50,83,59.4
65,94,93,4,86,72.8
89,95,100,70,70,62.4
88,94,78,0,81,60.6
80,100,86,70,90,77.1
94,99,96,10,88,71.7
91,100,88,3,73,70.7
89,100,77,4,67,76.3
79,100,96,4,62,76.7
82,80,62,20,72,70.6
67,97,91,2,63,68.3
71.11,56,98,60,75,64.511
90,100,94,95,70,81.4
85,95,100,80,100,75
88,95,92,30,76,69.6
82,94,92,40,73,57.6
90,88,92,90,75,68.5
71,94,92,2,76,60.3
88,88,74,20,85,64
96,94,90,30,26,61.6
90,96,96,25,48,65
81,85,94,55,50,59.5
70,100,92,10,96,56.3
89,95,95,60,75,47.4
72,47,70,35,68,52.7
91,94,10,100,50,67
82,95,86,2,78,56.1
76,56,67,35,30,52.4
80,88,76,55,40,67.4
80,65,66,50,83,56.9
20,93,74,10,75,66.2
64,79,98,50,56,58.2
84,70,82,45,45,64.1
82,100,85,8,79,77.1
80,44,78,10,40,39.7
84,96,85,0,72,53.7
80,91,78,65,60,76.4
77.77,83,96,70,85,63.677
47,100,64,2,19,53
82,88,93,0,70,76.8
88,82,90,100,65,82.5
88,94,68,50,27.9,54.79
68,92,82,60,75,76.7
76,100,98,60,81,70
64,100,94,4,64,57.2
90,100,96,20,49,62.5
0,0,0,0,59,29.4
100,87,98,30,46,62.1
84,100,94,60,86,68.9
26,82,86,55,65,59.4
92,91,94,50,96,72.8
92,100,98,50,72,62.2
94,82,86,70,88,82
74,81,98,40,100,82.3
94,82,72,40,44,67.2
68,80,78,6,62,72.3
96,83,92,40,60,74.1
84,77,70,55,78,53.9
80,100,45,3,60,63.5
84,94,87,3,75,67.5
76,100,90,2,69,58
80,95,86,3,80,66.6
82,70,76,15,55,53.8
64,70,64,20,34,37.2
99,85,100,60,73,58.7
81,94,93,1,26,44.4
0,64,80,55,43,47.7
71,89,70,2,40,39.5
38,68,92,100,100,64.8
75,77,58,1,56,55.6
62,0,80,35,80,54.2
91,95,95,100,74,75
70,94,76,50,35,60
82,100,96,30,67,72.5
81,82,88,80,75,63.1
94,94,68,40,83,77.9
62,87,58,30,67,58.9
70,0,84,50,70,49.4
94,86,76,30,85,72.1
45,88,100,70,75,55.8
82,80,86,30,53,60.1
70,100,50,30,35,51
82,88,88,30,45,71.3
79,76,96,90,85,67.6
58,64,42,35,95,50.9
100,90,100,80,95,77
48,100,99,0,68,59
76,52,74,45,73,56
95,100,100,6,94,85.9
88,94,82,10,60,57.4
62,41,78,30,34,44
80,90,70,60,85,68
88,80,88,50,66,67.7
86,88,88,60,80,50.2
64,46,74,55,71,70
66,85,88,80,0,72.9
77,94,88,5,70,57.4
74,88,78,65,30,61
98,86,85,55,75,70.9
58,94,90,1,69,53.6
94,95,86,70,47,81.2
12,100,93,4,98,78.3
72,82,72,55,70,51.6
74,72,62,30,50,54.8
44,36,96,20,0,28.6
94,80,96,40,66,74.1
100,88,100,80,80,83.8
84,57,66,35,53,56.5
92,95,100,6,36,78.3
84,99,86,40,61,77
88,88,96,70,100,85.2
73,94,89,1,50,54.1
62,90,49,5,56,53.7
78,79,38,20,30,51
80,81,96,70,88,63
94,100,97,1,58,50.4
91,74,96,70,100,70.6
86,94,74,0,62,62.6
70,100,70,30,46,61.6
82,76,96,30,66,58.5
64,100,100,40,70,66.4
84,77,60,20,30,54.6
0,0,0,10,16,16.6
100,100,100,80,90,92
80,88,80,50,94,59.7
76,82,90,85,85,68.8
88,88,96,75,65,75.2
91,91,95,100,82,61.4
76,96,100,5,75,74.2
76,82,78,40,57,54.3
75,100,100,2,42,55.2
90,98,78,30,93,79.9
74,88,98,40,81,62.6
81,74,8,2,39.6,46.26
68,88,100,30,66,68.7
88,88,80,60,78,79.4
70,20,90,4,18,47.3
62.22,91,100,60,90,71.322
88,72,90,30,84,53.4
84,100,68,4,69,59.1
84,88,56,55,60,68.3
94,82,88,20,92,59.1
100,100,84,20,82,74.6
74,92,70,20,62,70.8
92,94,80,50,100,83.1
90,93,53,55,75,59.6
77.77,89,100,80,75,84.677
81,76,100,50,70,67.7
82,100,92,50,68,72.2
84,46,88,50,100,52.8
86,83,92,30,96,82.2
68,98,80,35,68,73.4
74,88,90,100,50,78.2
77,100,100,9,84,88.1
100,91,96,70,66,80.8
93,34,100,60,93,64
77,47,84,3,92,65.5
89,98,94,5,58,76.9
80,88,94,60,79,77.6
85,93,88,90,100,67.6
73,100,92,9,97,91.7
97,92,100,70,60,76.9
94,98,90,60,100,82.7
100,95,96,6,59,75
88,88,74,20,71,63.1
92,98,94,2,63,68.7
76,100,96,20,86,60.3
88,100,96,30,50,71.4
83,94,94,4,82,63.3
88,100,60,30,72,69
84,100,100,4,93,82.2
76,68,66,20,27,42.7
60,91,88,60,68,65.2
82,93,98,2,89,70.2
62,81,95,6,30,55.8
76,96,42.5,6,50,67.45
69,94,83,80,68,66.4
82,100,94,30,86,75.2
94,74,76,30,80,69.9
100,92,94,40,96,82.2
85,100,100,7,76,77.1
86,100,58,70,80,71.4
88,92,90,30,81,69.1
62,58,66,45,50,58.1
86,95,84,50,85,82.5
80,98,88,40,69,59.5
94,94,96,30,71,64
91,40,88,90,70,71.9
76,82,96,55,40,61.9
97,82,68,75,75,78.2
77,94,100,60,70,60.1
88,92,96,60,91,88.7
82,70,86,65,85,69.8
76,88,78,50,86,67.3
70,97,98,1,46,62.1
80,85,95,4,70,65
94,100,98,50,74,75.1
83,98,100,0,80,64.6
88,94,82,25,88,74.7
88,95,100,70,45,57.3
88,94,90,50,52,76.4
68,61,68,45,51,47.3
72,81,86,20,57,64.1
82,82,88,75,70,58.7
82,94,90,60,82,69.8
88,100,82,60,67,79.7
80,74,78,60,42,71.4
84,88,90,45,75,67.7
64,98,76,40,83,71.1
62,70,84,45,70,61.6
87,95,100,70,65,72.2
76,16,86,60,35,55.8
92,88,100,20,83,61.3
94,40,100,60,67,62.1
0,79,40,30,55,36.9
87,100,75,8,88,78
95,99,84,70,100,75.8
44,76,86,100,100,69.1
82,100,100,2,41,62.8
66,100,88,20,58,59.2
82,94,68,40,35,51.4
88,85,98,45,55,63.1
83,100,100,70,65,81.3
88,100,86,30,67,76.1
90,88,96,35,55,72.9
92,92,94,30,100,76.3
78,94,95,3,49,72.1
66,94,90,55,65,68.5
94,99,80,50,63,77.1
94,93,96,90,50,54.8
78,92,94,60,87,71.1
94,100,84,60,69,77.2
93,94,96,100,100,88.8
76,73,95,6,54,51.3
76,83,96,40,89,72.9
92,98,82,60,63,64.5
67,70,87,2,68,58.7
80,75,86,7,93,80.9
82,0,96,1,70,35.3
100,76,86,60,82,83.9
86,74,88,40,60,70.8
68,100,90,50,73,75.1
100,74,92,60,87,81.3
90,97,74,30,48,59.4
80,84,92,40,89,76
82,87,82,45,30,60.6
67,100,94,5,71,64.2
82,89,98,3,78,54.7
98,94,96,80,58,74.1
86,86,88,80,100,72.5
62,94,92,30,60,57.3
84,100,95,4,81,81
68,88,80,10,31,40.2
65,88,80,1,20,45.8
84.44,91,98,60,85,63.844
94,75,94,50,67,63
77,93,88,6,71,62.4
80,100,94,60,82,74.6
65,72,93,70,63,49.3
80,92,98,70,100,77.5
80,87,80,20,69,65.6
0,88,82,45,70,52.5
70,96,96,40,93,76
74,82,74,25,45,58
92,94,82,50,64,70.2
78,88,84,30,40,59.5
75,82,62,2,57,53.1
53,70,88,70,60,46.6
78,94,94,6,49.5,78.05
80,88,64,20,49,57.1
80,100,87,8,50.5,70.75
88,97,90,85,50,82
82,87,86,10,90,66.5
61,80,80,2,48,53.9
93,70,90,80,50,60.8
88,94,94,60,76,87.2
85,84,98,65,60,70.7
70,79,88,1,62.5,51.45
91.11,98,96,100,95,85.011
88,94,68,70,92,76.7
94,94,98,3,100,74.6
90,83,92,40,73,76.8
80,78,52,40,56,54.6
76,82,66,10,64,46.8
90,86,78,100,38,58.2
94,88,88,85,100,88
88,100,45,5,61,63.4
90,96,98,35,45,66.4
87,76,98,60,65,61.6
87,70,92,70,80,59.9
80,62,68,25,35,40
70,0,94,3,14,38.3
76,88,80,30,85,69.9
79,96,66,4,31,49.2
94,95,92,60,100,83.1
86,88,70,20,87,58.1
88,100,90,30,75,60.3
84,97,84,40,68,75.3
89,94,76,70,100,69.9
100,88,90,70,70,81.8
88,94,66,80,92,70.5
96,74,100,50,65,64
88,94,90,20,59,71.1
62,88,94,20,40,58.4
92,98,100,20,85,75
91,80,58,70,55,69.4
91,60,74,85,85,65.5
88,62,60,0,40,47
86,91,84,30,29,62
82,100,40,30,61,58.8
0,33,9,0,31.5,26.35
92,86,92,50,57,81.2
91,50,95,90,97,69.3
74,73,100,4,78,64
88,100,79,8,69,81.6
66,92,92,100,88,69.3
75,70,86,90,50,49.1
79,81,90,7,55,70.5
94,100,96,30,91,80.1
0,27,88,10,23,40.3
84,83,96,50,58,76.1
78,76,100,45,77,75.6
88,88,82,60,86,81.4
90,76,88,10,76,62
80,82,78,95,95,73.5
82,100,78,30,82,74.7
76,88,80,60,60,52.4
80,68,96,30,47,58.6
68,70,70,40,75,60.8
78,94,93,2,90,73.5
88,88,94,70,100,76.5
93,100,100,5,91,79.4
78,85,88,0,53,68.4
80,75,94,60,50,56.9
92,94,80,35,93,75.9
84,64,74,50,20,52.2
87,99,100,1,68,68.9
92,88,70,10,48,63.3
76,76,84,65,25,68.6
86,94,88,65,70,77.8
79,76,86,70,80,69.6
84,95,89,4,61,65.4
92,100,100,10,73,71
84.44,89,96,60,100,71.944
88,100,96,40,72,70.1
0,100,88,5,3,53.1
86,94,98,40,57,70.5
72,82,100,40,70,65.4
80,88,92,20,55,59
91,88,100,80,90,69.9
70,88,80,40,95,73.8
0,86,90,90,58,59.9
82,90,82,10,52,61.6
80,91,92,60,53,56.6
70,80,93,45,50,59.8
92,100,100,3,84,62.6
76,80,88,90,75,69.9
81,96,69,5,75,71.6
73,88,78,50,71,51.5
91,97,100,80,73,81.1
81,70,16,50,80,52.7
91,95,95,80,91,68.7
100,91,100,40,75,71.1
72,100,82,4,70,70.4
68,76,90,45,60,60.9
81,100,100,2,50,64.1
86,68,100,100,78,80.7
52,79,96,40,50,69.7
81,86,96,100,50,63.3
94,74,83,5,38,57.9
91,100,88,50,63,74.2
88,100,100,2,83,77.1
82,100,70,40,81,78.8
86,87,94,20,61,72.8
92,94,84,40,78,80.3
81,88,90,100,90,73.9
87,96,91,5,90,76.9
94,79,73,85,56,79.7
82,94,86,50,76,79.8
83,85,80,50,75,58.3
44,93,70,20,12,31.9
70,92,100,60,47,66.4
74,94,86,60,88,68.7
94,70,75,75,66,58
80,100,98,3,69,76.2
81,100,80,6,83,71.4
94,98,98,70,78,87.3
76,53,80,30,50,51.4
0,100,99,2,40,41.9
86,82,80,20,30,48.3
94,94,98,60,98,87.9
80,86,88,30,70,67.4
89,100,100,7,66,81.5
88,100,78,30,93,74.4
68,77,70,75,54,61.9
64,66,74,10,73,47.2
70,94,94,2,58,50.6
94,79,93,60,53,79.4
94,96,100,35,50,59
88,93,88,20,81,66
88,100,96,20,77,63.6
98,100,98,90,70,81.6
88,94,100,40,78,75
88,94,92,20,70,59.4
91,91,72,65,77,62.6
100,94,88,35,50,70.7
80,93,48,20,55,52.6
90,100,76,60,54,65.5
92,88,76,65,45,63.1
77,64,92,80,75,56.3
85,86,88,6,62,59.1
94,79,79,45,88,62.5
84,72,84,20,56,46.6
68,100,71,3,78,66.7
82,90,93,25,30,58
72,94,68,2,87,65.1
88,100,68,40,83,77.9
90,82,83,3,73,51.3
89,94,100,80,95,83.8
82,94,88,40,75,71.9
98,94,88,85,60,75.5
77,94,88,60,53,59.2
92,80,88,90,76,82.1
94,100,72,45,25,64.1
64,100,84,20,74,52.2
32,85,80,45,85,64.2
68,63,88,2,54,64.3
28,99,96,0,0,44.3
74,88,94,40,23,62.9
76,77,80,30,24,53.7
76,0,68,35,30,43.9
94,94,96,10,56,64.5
90,81,78,30,98,69.2
92,98,100,30,75,76
0,91,100,30,71,54.7
86,70,90,35,100,63.1
77,92,98,70,80,68.2
82,88,68,10,53,60.6
86,91,78,20,77,68.7
91,80,94,95,95,82.5
70,83,80,35,60,59.8
80,70,86,30,60,57.1
86,74,90,30,64,69.4
82,100,92,20,64,57.3
94,80,49,60,90,53.8
92,94,80,85,85,67.6
76,62,84,30,52,45.9
68,88,16,60,75,38.7
93,88,93,65,25,65.9
82,70,82,5,40,44.9
92,85,68,75,85,79.5
80,78,84,20,73,53.5
91,80,100,80,40,70.6
88,88,80,55,70,71.1
88,100,84,50,89,77.6
86,84,96,4,86,71.7
94,93,83,3,64.5,60.95
88,74,70,80,74,72.1
78,85,20,65,73,61.6
68,96,47,75,30,57.1
89,88,92,80,85,80.4
96,82,92,100,80,86
75,94,42,2,40,55.1
76,98,70,80,86,80
92,86,70,75,51,61.9
96,76,16,70,95,60.3
0,100,71,5,24,51
62,57,87,4,0,46.1
91,80,100,60,65,45.6
93,79,88,8,74,70.9
78,85,36,60,83,52.7
80,100,96,30,86,56.7
73,94,68,2,46,39.1
66,96,77,3,60,61.9
68,86,76,45,55,52
70,90,92,20,95,60.7
94,100,98,90,65,82.7
89,99,45,1,83,59.1
92,93,84,55,96,76.5
90,82,96,65,70,69.3
87,100,77,5,83,71.7
74,78,92,10,52,54.1
80,100,86,20,34,50.5
81,100,99,3,91,75.1
80,88,100,60,79,67.7
82,97,80,50,67,59.6
76,70,72,15,30,42.8
79,62,100,60,90,75.6
94,83,94,60,37,65.8
74,100,76,40,54,58.9
86,67,100,40,46,65.4
80,96,86,70,80,63.2
81,82,78,50,60,58.1
95,100,85,7,56,68.1
76,82,66,30,71,49
82,83,74,40,33,69.2
86,94,93,5,65,74.8
88,100,58,70,86,69.7
78,95,86,30,65,59.4
82,70,84,40,88,62.9
74,92,100,20,66,63.7
88,32,60,35,95,64
66,80,50,25,0,44.6
78,82,96,15,70,54.1
86,92,80,50,57,61.5
84,76,94,65,55,73.4
80,100,78,40,100,79.8
75.55,79,84,50,65,52.355
86,77,70,30,77,68.5
82,70,100,60,51,56.3
76,92,80,30,54,51.7
82,38,86,0,86,58.2
0,82,100,50,75,48.2
0,91,91,1,83,53.5
90,100,90,55,90,84.5
100,100,86,40,93,75.9
80,85,84,20,35,59.9
70,100,68,4,73,66.6
88,80,74,10,28,55.5
83,70,100,40,50,48.3
88,93,82,60,61,59.9
87,97,77,45,55,68.1
89,99,62,3,72,58.7
88,100,96,70,85,79.4
92,66,94,50,52,78.9
90,95,80,65,96,83.1
69,62,90,3,68,46.4
91,95,95,70,70,68.1
69,82,77,4,64,62.7
74,88,96,60,100,75.3
87,100,100,5,74,78.1
96,82,96,70,90,87.4
58,94,94,0,74,52
82,70,92,30,43,58.2
88,95,82,40,92,56.2
74,98,96,20,83,78.1
88,70,86,40,79,70.8
81,100,100,2,92,77.3
48,64,8,20,56,44.1
92,88,84,70,54,65.3
85,88,96,9,79,88.3
72,86,58,40,52,59.8
76,82,52,45,45,52
76,100,67,4,94,65.7
88,93,96,70,56,82.8
70,88,92,60,95,68
74,98,78,20,38,43.3
88,100,85,2,82,62.5
94,82,74,75,95,83.5
80,74,66,30,56,57.1
90,87,80,20,89,62.1
82,82,66,20,61,61.6
61,82,92,60,94,61.9
71,94,79,6,90,73.4
52,76,74,40,65,62.2
84,92,68,50,75,68.9
62,56,92,70,65,60
81,87,96,5,68,54.7
85,88,97,5,79,76.4
87,100,97,5,97,82.6
85,80,75,55,80,69.5
83,100,94,1,79,72.1
92,94,98,40,75,78.4
58,100,78,6,43,61.4
70,71,88,1,66,52.5
93,62,88,50,88,75.1
78,88,84,85,78,69.8
94,100,100,5,97,80.6
0,0,0,6,8,46.3
86,94,100,80,76,81.6
94,95,80,50,76,67
84,88,82,15,35,49.9
73,94,85,1,67,53.4
76,86,86,50,48,61.6
90,91,70,65,40,61.6
76,76,50,60,47,51.9
88,75,84,0,69,67.1
84,94,70,75,45,64.3
82,68,82,60,81,75.3
74,88,78,30,45,56.5
76,100,58,20,76,54
77,100,68,3,50,59.5
79,100,84,2,73,71.1
86,100,100,0,73,68.4
94,62,94,30,74,70.9
88,93,92,30,38,74.6
82,82,68,20,60,54.2
91,94,100,70,63,71.8
86,94,9,3,25,39.4
94,70,70,75,100,79.9
72,88,92,60,90,62.7
98,79,93,80,75,77.5
82,88,96,70,90,91.1
80,47,86,5,40,44.3
65,93,75,3,87,55
88,64,78,70,43,78.8
88,100,78,40,88,73.4
100,94,88,55,30,67.7
88,94,84,40,85,77.6
84,93,78,30,20,51
76,100,82,1,67,51.5
70,100,88,5,75,79.3
96,94,78,50,75,71.8
86,88,96,30,80,77
77,100,78,4,74,76.4
86,94,90,75,80,82.5
88,100,85,2,90,67.3
75,100,94,5,67,70.1
78,80,74,20,69,57.1
80,95,84,30,39,49.3
81,88,100,60,90,65.9
87,100,95,7,87,79.9
79,49,96,2,49,50.8
64.44,89,82,70,70,66.544
74,94,100,80,100,74.3
0,94,95,4,70,44.9
80,94,84,40,90,75.8
0,63,78,50,61,47.7
84,98,92,90,98,79.2
92,94,84,40,59,61.9
80,100,100,60,90,73.5
96,79,100,80,82,70.7
74,88,70,10,76,69.8
73,31,93,5,28,47.5
75,90,89,85,0,69.9
0,0,71,4,16,25.7
94,94,98,5,68,77.4
74,95,80,40,56,65
88,73,70,70,76,73.2
74,59,70,20,73,46.1
94,100,80,40,92,76.1
77,94,99,80,75,57.5
88,94,96,80,81,81.4
0,78,42,45,55,32
81,100,96,4,56,68.3
76,82,92,65,85,71
92,96,84,40,49,72.6
88,76,78,30,46,56.3
90,65,75,35,78,46.8
76,94,54,30,68,59.7
74,100,90,40,66,71
77,95,86,60,95,56.8
76,77,92,30,25,43
77,94,74,70,90,56
77,100,82,1,56,50.5
81,85,76,75,71,70.3
0,78,88,3,71,46.2
74,90,100,70,90,65.4
88,86,90,60,83,81.7
91,90,95,80,100,86.6
92,94,72,50,75,70.3
50,62,86,25,0,39.8
82,77,44,50,100,63.8
61,100,98,6,100,86.4
88,94,90,100,80,85.2
80,92,80,55,80,69.2
96,94,90,40,81,74.1
86,68,78,20,87,59.4
88,100,100,40,81,75.4
94,100,100,60,93,80.7
95,82,100,100,90,84.7
88,94,84,4,87,75.3
0,0,0,5,34.2,18.92
86,82,96,60,81,60.5
86,52,65,55,63,56.6
84,100,98,7,59.4,68.14
89,90,100,70,80,67.9
54,91,93,80,78,78.1
88,98,76,30,0,49.7
82,88,88,70,68,76.1
86,94,86,50,72,77.3
97,55,100,70,87,74.9
82,96,88,6,67,68.3
53,77,93,45,50,55.3
86,100,98,50,34,59.3
67,88,95,4,82,80.2
60,76,78,60,65,61.9
94,94,88,95,90,87.1
63,42,60,2,19,38.9
78,92,80,0,54,46.9
88,99,64,30,66,63.2
88,94,92,40,70,70.9
87,94,81,7,61,66.8
100,80,100,70,80,77.5
82,87,90,40,86,67.5
92,100,98,70,94,84.4
0,0,0,0,0,12.5
83,96,81,5,90,76
83,88,62,3,93,56.6
78,64,62,20,72,54.6
81,88,100,50,75,54.4
100,100,100,40,22,68.7
82,94,94,50,78,79.3
88,62,92,70,55,75.7
87,93,96,70,75,80.1
84,80,98,60,70,59.7
64,64,70,55,80,58.3
72,82,96,100,80,75.5
75,100,88,3,38,59.1
88,88,74,40,72,75.2
80,68,80,2,73,63.6
86,96,78,20,61,57.1
80,92,84,20,50,47.1
56,56,94,70,79,66.5
82,100,70,40,78,64
87,100,90,60,100,56.2
84,68,84,40,75,68.1
91,100,96,5,88,77.5
86,98,66,50,80,72.5
88,92,96,70,92,88.8
72,64,88,40,57,49.1
80,92,86,0,73,55.1
91,56,92,70,75,68.9
79,98,96,55,83,64.6
94,93,100,60,94,86.6
100,94,94,70,77,81.5
92,92,80,45,66,73.5
93,100,96,5,86,84.5
88,100,68,45,65,70.6
74,90,90,20,32,57.1
68,81,92,15,70,57.1
84,90,96,20,59,63.9
86,70,96,20,22,48.4
67,91,91,2,31,52
86,78,76,40,85,67.5
94,94,94,65,65,77.2
83,85,78,60,56,53.7
90,88,95,70,57,62.5
0,88,96,10,70,42.9
100,99,100,30,81,59.5
81,88,98,60,90,74.7
82,81,92,50,44,60.9
87,100,93,2,48,53.8
88,95,100,50,94,69.7
82,100,80,60,60,75.2
68,82,100,70,75,63
98,93,78,10,79,75.3
91,94,92,40,80,75.7
88,78,90,40,60,55.1
82,100,68,50,47,65.7
96,100,96,45,35,75.2
76,0,90,0,63,50.9
74,58,80,60,86,69.3
86,94,90,30,85,70
93,99,90,5,54,64.6
94,70,90,50,60,67.9
86,64,76,70,67,63.8
90,70,88,85,60,77.3
82,76,94,30,72,65.9
68,90,86,20,32,43.1
80,97,85,2,73,53.5
70,98,100,50,77,80
70,82,34,30,32,57.8
82,100,78,75,70,75.5
83,94,93,5,49,61.4
88,92,82,30,45,56.7
68,87,88,4,51,59.4
71,80,64,100,75,57
68,94,76,60,66,68.9
83,100,88,6,47,73.8
70,86,94,20,51,49.1
94,100,92,40,80,83.6
56,100,86,2,34,65.1
70,94,82,30,58,74.4
72,72,72,50,77,72.8
87,100,96,6,43,72.1
80,79,94,40,71,68.4
98,100,98,45,65,79.6
76,82,78,45,70,61.6
74,100,8,30,72,51.4
76,88,82,50,82,57.8
80,67,88,20,28,31.3
94,83,96,60,99,73.7
80,98,96,70,62,75.1
76,82,82,85,70,72
74,92,84,50,64,69.9
85,75,60,70,100,52.5
82,100,92,50,82,75.6
88,78,10,80,63,56.4
78,98,66,30,70,61.7
93,91,98,5,82.5,75.45
76,82,76,35,50,53.4
80,84,96,40,58,77.3
80,82,70,20,61,56.3
75,100,81,2,64,66
88,94,88,35,95,65.5
68,76,94,50,49,53.7
82,100,97,4,75,76.4
94,88,82,35,80,69.9
79,100,72,5,69,77.5
76,94,88,45,60,48.8
68,70,82,50,28,51.3
66.66,83,100,70,90,59.466
84.44,89,94,70,65,51.744
82,99,100,0,45,56.6
76,100,90,5,68,63.4
93,100,99,7,97,92.4
55,72,87,2,72,67.6
77,72,92,60,80,61.1
84,100,100,0,65,64.4
94,100,76,20,58,60.8
75.55,91,84,70,85,54.555
73,100,88,4,71,59.2
74,82,88,30,89,70.3
92,100,92,40,54,71.8
92,88,90,35,50,69
84,94,100,70,60,87.3
82,88,62,30,45,59.2
90,91,92,45,85,65.3
98,91,79,70,60,67.8
67,99,90,3,29.7,57.57
81,82,92,70,60,70.5
77,64,96,60,55,71.7
69,87,88,0,8,32.2
75,100,58,4,63,69.6
96,98,84,35,50,72.8
84,94,88,20,43,72.9
83,100,82,2,69,53.4
74,100,68,2,64,52.1
82,97,77,65,90,69.6
94,81,90,40,100,78.5
97,95,96,80,84,80.2
66,61,68,45,75,60
84,86,84,30,45,65.4
82,83,90,25,88,65.3
89,85,63,5,90,73.7
100,100,84,40,69,71.3
84,92,90,80,65,71.1
57,100,86,70,75,72.3
83,95,94,80,50,53.7
86,88,70,40,95,77.4
80,0,90,70,83,56.3
84,89,74,20,50,64.2
68,70,86,70,45,52.4
64,4,64,90,80,54.2
82,94,96,30,75,66.7
82,58,94,60,79,76.3
68,94,62,40,76,61.5
0,62,72,65,95,65.9
80,97,100,30,60,59.7
94,94,88,65,100,81.1
85,94,91,3,84,73.4
78,64,77,45,51,53.5
92,94,94,65,96,85.6
86,100,92,8,76,85.4
88,92,94,50,85,71.9
83,90,83,4,53,57.9
100,95,84,50,75,69.9
78,70,66,4,66,64
80,100,70,5,88,76.3
95,100,85,7,89,77.9
88,94,80,30,87,67.9
68,94,82,0,0,43.4
88,98,74,65,40,67
100,100,78,60,93,82.6
90,75,96,50,87,79.3
70,99,71,3,86,64.1
73,96,96,0,40,59.5
98,94,79,100,50,80.1
86,91,76,50,49,69.2
98,86,94,85,83,84.6
80,88,82,90,85,78
72,82,100,90,95,70.4
84,82,84,30,78,74.8
96,95,90,85,74,77
70,100,58,20,60,65.8
88,94,90,65,90,81.7
85,94,92,4,53,67.9
93,94,88,60,76,75.1
82,92,96,40,91,80.1
90,90,85,25,70,56
81,88,66,5,84,52.4
64,86,86,2,75,65.1
92,87,98,20,61,57.3
100,85,92,45,70,71.7
82,100,84,4,83,72.4
79,82,100,80,95,76.1
76,94,86,40,93,76.9
90,62,66,25,100,62.8
79,88,86,60,75,70.3
78,58,94,75,95,78.5
87,100,100,3,76.5,82.35
80,55,70,0,48,55.3
88,100,82,50,86,64.1
74,88,96,40,62,60.5
85,100,95,6,58,69.8
85,93,96,100,100,73.9
90,81,100,4,72,74.3
58,81,69,3,35,56.8
77,100,80,1,71,50.8
75,97,66,2,72,46.5
42,30,0,40,0,28.2
68,76,76,75,45,58.5
80,100,96,50,57,66.8
100,100,96,40,90,79.6
94,100,62,20,54,38
96,88,70,65,83,74.2
92,88,88,85,80,72.3
92,100,96,50,100,85.3
86,94,96,45,50,72.1
84,94,96,50,30,53.9
72,82,80,30,78,68.7
82,85,84,50,80,64.6
100,88,100,100,30,81.3
80,82,94,40,65,60.6
67,100,72,4,83,68.2
73,95,98,3,94,79
88,100,98,20,94,76.5
64,22,80,60,65,40.6
78,94,93,2,91,73.6
86,92,94,50,98,84.5
90,100,82,30,84,75.6
84,81,78,30,32,65
87,94,98,95,80,86.4
82,84,92,30,50,48.3
75,100,92,6,58,62
92,92,90,10,56,61
76,93,74,5,40,67.3
68,82,70,85,30,69.5
76,89,94,9,89,79.8
89,91,95,100,95,75.5
92,94,98,40,59,60.3
88,98,96,70,78,81.5
88,100,58,80,83,73.9
82,100,98,50,99,85.9
80,94,82,60,58,66.9
80,80,80,50,58,52.8
80,93,88,50,90,79.1
79,82,78,90,90,65.4
66,67,51,1,46,43
80,86,66,10,55,41.2
80,100,46,20,64,62
94,100,96,70,96,91.6
82,92,96,40,88,57.3
60,88,86,90,100,66.4
0,94,89,1,87,61.5
56,0,92,40,30,21.8
68,100,87,5,58,61.3
85,82,53,35,50,49.5
98,94,70,50,53,71.5
100,100,96,7,92,82.8
72,96,68,20,45,50.1
86,82,96,75,10,49.9
74,96,98,4,74,68.7
88,97,77,85,100,71.2
93,94,100,60,55,74.2
82.22,100,82,50,65,59.422
86,92,88,30,53,53.9
80,94,92,60,30,67.1
87,69,100,100,60,79.6
84,80,100,80,93,63.2
76,85,98,70,64,71.8
76,95,84,60,91,69.6
88,91,80,75,70,68.9
88,94,82,40,79,69.3
97,79,93,60,93,75.7
81,93,94,3,47,63
92,94,82,35,20,60.3
94,100,100,6,100,91.9
90,94,84,80,50,72.8
74,94,78,55,35,64.6
39,100,88,1,55,35.7
88,94,80,60,45,72.2
77,100,88,2,51,57.1
90,94,88,30,100,73.2
92,100,98,50,84,68.9
68,0,80,5,12,51
84,82,68,75,100,75.4
94,92,88,40,58,69.7
88,95,85,90,100,72.3
84,86,100,100,76,78.6
77,63,88,100,65,71.8
88,88,88,40,79,70.8
82,87,80,40,65,66.9
82,77,88,20,32,59.9
74,0,70,60,50,43.4
90,82,84,75,45,66.1
86,91,94,60,86,70.2
72,86,80,60,34,52.2
94,88,72,40,94,78.8
6,98,82,70,83,72.9
74,88,84,25,60,67.1
81,96,90,2,38,40.5
75,100,87,3,62,74.9
86,85,86,40,41,67.8
68,94,62,40,71,59.5
90,93,88,20,70,68.6
80,94,90,100,80,68.4
75,67,100,70,70,57.2
98,97,94,55,56,75.5
74,92,40,30,38,51.4
80,90,94,30,66,68.5
92,80,94,30,96,63.2
83,97,10,90,93,55.8
82,94,84,70,75,73
80,100,60,10,72,48.7
88,97,100,60,96,89.1
90,56,0,4,0,30
90,94,72,10,58,51.9
91,88,92,50,30,49.6
81,100,68,3,63,52.7
100,88,100,90,95,77.3
62,100,100,10,52,54.4
82,88,94,60,42,66.1
96,100,100,70,80,84.6
100,88,76,60,90,63.9
88,98,92,50,77,72
100,94,90,95,70,82.9
90,88,96,75,100,82.9
86,93,98,40,92,62.9
94,75,55,55,80,75.9
94,82,84,45,100,74.5
70,0,100,0,40,29
60,100,92,80,55,62.7
91,93,72,75,67,73.3
64,75,100,3,49,45.3
80,94,92,70,81,73.2
88,95,92,40,58,66.8
59,89,95,100,82,50.5
88,95,100,40,70,74.8
85,100,100,2,75,66
86,88,86,25,60,75
88,0,74,40,30,32.7
83,94,99,100,94,77.5
76,96,82,2,46,54.5
84,82,90,45,20,67.1
89,84,89,45,70,65.7
81,94,84,80,90,81.4
100,91,100,80,100,70.1
74,65,86,10,19,44.4
70,70,94,70,52,54.6
91,58,100,90,70,75.4
89,100,100,8,100,90.9
92,64,80,65,71,68.7
15,100,90,1,79,60.9
82,87,76,70,71,47.6
92,100,90,5,89,71.6
78,88,88,20,9,57.3
100,93,100,60,80,82.8
79,94,90,70,100,60.3
83,100,91,3,83,71.7
67,93,94,2,47,58.1
88,74,94,20,59,63.5
84,100,85,80,100,70.4
75,100,5,3,49,49.4
86,75,86,40,68,62.5
85,84,92,80,54,69
88,97,78,20,86,77.4
84,72,100,70,51,72.7
90,100,96,7,80,79.1
80,94,88,2,32,50.4
74,80,86,1,25,48.5
83,90,81,2,79,61.8
76,80,60,35,47,63.8
62,98,68,70,55.8,60.38
76,100,98,3,69,62.3
34,40,90,50,100,51.9
20,55,47,60,45,35.7
91,88,93,85,100,84.2
100,86,100,50,100,80.1
77,86,92,80,81,63.6
70,74,90,45,0,49.4
100,93,98,90,72,74.8
78,84,66,20,61,43.4
84,100,84,3,77,68.5
85,92,100,75,67,78.9
82,91,70,85,95,83.8
70,91,80,40,50,43.1
0,0,0,0,0,0
80,100,86,20,78,64.9
80,98,98,70,58,64.4
88,77,47,60,51,49.3
86,82,52,85,10,59
0,82,82,25,70,50.9
86,92,100,60,80,71.8
56,54,58,3,82,48.5
100,87,94,30,63,62.9
88,92,94,30,73,68.2
86,94,92,40,83,70
92,92,80,40,80,68.9
62,94,78,2,66,55.5
82,100,88,1,89,71.9
94,88,78,70,95,87.5
86,80,96,50,84,52.1
94,100,70,40,92,81.6
61,84,70,1,40,36.5
6,98,92,20,89,77.5
50,94,76,5,46,58.6
88,94,82,50,79,76.8
0,0,50,55,61,36.6
86,70,100,60,43,68.9
70,94,86,45,100,72.5
88,81,76,60,20,64.5
72,85,74,10,34,56
92,99,82,4,47,69
64,90,44,3,54,44.7
83,75,94,70,65,55.7
84,86,86,90,72,87.3
76,93,86,50,73,58.3
70,82,66,20,73,60.1
90,89,46,30,84,52.9
93,88,76,100,80,76.2
88,91,75,25,44,57.8
66,86,92,5,61,72.5
84,82,80,30,100,78.1
10,99,70,30,67,47.6
92,82,92,55,95,71.6
87,88,98,1,66,55.9
86,86,78,40,79,72.4
78,100,80,4,45.5,53.35
98,100,100,50,57,77.5
94,94,68,50,95,82.6
75,94,94,4,57,63.5
83,98,100,80,50,57.6
90,88,94,30,89,73.1
74,96,98,30,16,64.4
49,93,94,2,62,61.8
86,88,76,75,65,64
71,93,90,5,49,72.3
93,34,96,70,86,67.4
86,99,10,40,55,60
82,90,80,10,80,59.2
82,100,84,50,64,65
86,82,66,45,75,74.4
91,90,74,60,83,60.3
96,70,75,45,70,72.1
69,94,68,4,77,67.8
92,94,76,65,25,61.7
75,91,98,4,62,64.6
76,86,80,20,80,63.7
90,82,84,95,95,84.1
74,94,83,6,94,76
88,94,80,80,76,85.8
89,88,80,65,70,77.7
74,100,40,10,68,54.7
88,94,72,30,50,56.4
100,100,88,3,64,71.2
82,94,76,40,41,57.3
84,80,68,55,80,69.7
64,92,66,30,5,44.7
80,98,58,10,53,53.4
94,100,90,4,58,71.7
50,70,90,45,95,69
93,100,97,7,76,76.1
94,26,70,65,74,71.4
88,88,90,80,62,75.8
80,94,82,20,51,56.7
81,94,95,4,89,66.9
67,93,97,2,86,58.3
96,76,96,50,80,71.3
76,94,96,30,79,59.5
74,86,76,60,71,64.2
92,94,56,85,0,63.7
86,94,80,40,77,72.2
94,100,90,30,74,75.8
88,93,74,60,79,69.9
86,94,76,75,80,65.1
87,82,100,100,80,87.9
100,68,73,25,100,75.1
95,93,96,50,78,60.7
93,62,100,80,96,85.6
88,100,98,90,80,92.6
70,75,74,60,68,71.2
78,94,82,55,80,66.9
80,94,96,60,100,78
76,82,82,75,100,72
88,87,80,55,85,82
82,88,88,40,85,73.3
77,86,100,100,74,70.7
90,95,64,20,100,59.9
80,100,76,20,58,59.4
50,98,40,30,61,60.9
66,100,91,3,59,56.1
76,70,70,90,75,78.1
80,94,54,30,72,67.5
53,70,78,60,85,52.1
77,82,98,70,55,61.2
70,90,94,75,45,63.4
86,82,88,35,60,73.6
76,82,96,20,68,68.2
80,39,70,50,41,47.5
90,100,96,4,99,85.5
97,77,74,35,84,69.2
91,95,85,55,40,51.6
80,88,94,55,85,65.7
68,60,88,100,55,54.6
80,70,5,3,70,48.5
85,75,84,100,57,63.6
86,76,74,0,83,67.9
94,70,82,20,65,67.1
78,70,72,55,93,63.8
77,100,100,90,70,78.7
86,45,76,65,78,67.5
80,100,100,55,100,78.5
88,62,92,30,86,61.3
79,87,96,9,93,80.5
88,97,78,10,62,51.5
68,94,93,2,86,68.1
87,82,100,50,60,72.9
91.11,100,82,50,100,60.811
74,83,64,20,47,50.3
88,88,88,50,81,61.5
94,84,96,1,84,58.8
68,79,74,20,38,55.9
86,87,100,30,48,53.1
62,6,90,20,19,44.7
76,82,94,30,76,63.3
98,57,100,60,90,67
92,82,70,55,85,73.4
75,95,60,60,95,59
90,95,94,90,68,63.7
84,66,86,3,44,57.5
82,88,76,40,82,71.3
69,96,96,4,61,66.7
84,80,62,90,20,54.1
89,97,95,100,63,74.4
90,88,86,55,55,71.9
96,90,92,35,45,64.8
84,94,76,90,71,74
74,80,46,0,36,47.6
82,88,92,40,82,77.9
94,74,31,50,73,56.2
89,100,62,5,83,74.9
90,71,66,35,56,60.3
88,100,68,50,59,68
80,0,70,35,58,57.8
0,21,73,6,0,40.9
67,100,72,3,55,55.9
96,100,78,50,100,73.9
82,98,90,60,79,73.4
80,98,64,60,85,80.2
68,100,98,70,54,75
72,70,82,35,75,69.9
92,100,95,65,60,71.2
84,100,78,75,65,78.2
86,70,82,35,80,70.8
93,94,74,60,61,71.7
86,46,80,90,60,56.7
62,58,6,5,85,40.6
0,68,92,10,70,44.5
24,100,96,10,62,59.7
78,70,78,30,87,66.3
94,88,94,65,95,81.6
91,94,94,25,100,72.9
71,94,88,2,64,53.7
68,100,78,50,77,73.8
82,82,86,50,76,82.1
86,97,84,20,69,71.1
94,100,100,50,74,81.8
74,94,96,30,80,69.9
91,100,100,80,30,40.1
88,100,94,80,55,65.2
90,79,88,0,38,60
90,100,92,75,100,89.2
62,64,70,45,54,64
86,95,77,85,24,58.2
76,94,79,4,69,68.8
93,100,98,4,98,80.4
86,100,98,70,75,74.4
89,85,100,80,83,71.7
82,100,93,2,42,65.2
82,100,82,6,45,64.9
87,76,100,60,85,65.3
6,70,55,25,39,49
50,94,100,80,75,59.9
80,80,76,100,100,86.1
75,88,86,5,0,49.9
82,88,72,55,40,66.7
92,94,72,45,100,64.3
85,88,100,60,100,76.3
82,76,78,75,100,79.6
99,94,100,10,94,91.7
91,88,78,40,80,56.7
76,100,82,4,76,66.4
87,100,97,3,72,77.6
74,94,90,40,78,68.1
60,56,70,60,45,46.6
80,50,80,50,43,66.8
100,94,10,60,52,57.1
94,88,98,2,71,63.1
68,86,100,30,27,53.6
71.11,77,98,50,100,58.111
78,87,94,3,88,77.7
77,93,95,100,74,74.4
88,93,92,4,92,60
94,91,66,55,55,72.6
74,88,90,70,84,78.6
86,98,100,20,75,73.9
75,51,71,3,26,42.8
63,94,54,1,77.5,56.85
83,78,10,40,60,46.6
90,93,100,90,75,78.3
67,100,82,6,84,74.8
94,100,100,60,90,85.9
77,100,83,4,79,73.4
96,91,93,70,55,82
67,84,58,4,35,55.9
81,68,16,80,100,65.5
67,91,76,4,89,67.8
75,100,71,5,81,63.7
84,76,90,65,50,66.5
78,73,94,2,50,69.5
87,76,100,70,95,64.8
92,98,84,40,84,74.8
92,100,100,7,88,88.5
93,96,94,35,45,59.8
82,90,88,10,68,57.8
94,83,98,80,100,85
82,0,64,60,0,20.6
76,76,68,40,58,68.3
74,99,84,10,41,64.3
82,88,76,55,90,67.1
83,95,88,5,51,65.2
88,70,100,30,62,72
94,88,90,35,45,61.2
88,94,98,60,82,77.7
80,92,92,60,78,72.7
82,93,86,10,76,55.2
100,88,82,55,85,81
76,88,96,65,75,66.5
86,100,74,30,50,75
86,100,100,100,86,80.7
56,84,88,20,25,66.3
94,100,94,80,91,75.4
82,100,90,40,64,67.1
74,76,90,20,57,62.2
81,88,98,70,75,73.7
80,100,92,40,57,70.4
83,90,95,50,85,75.3
90,70,94,65,0,52.9
62,92,94,0,60,48.3
88,88,20,35,95,67.1
90,76,90,30,44,54
70,50,86,40,70,46.6
94,93,76,60,62,81
94,98,76,50,87,65
77,88,98,60,92,66.5
75,94,69,4,62,69
72,82,96,60,100,74
78,84,82,50,69,63.3
93,62,92,60,83,49.5
66,97,71,3,36,62
90,85,94,65,50,74.9
68,79,97,7,41,66
72,70,100,60,100,71.7
82,89,88,40,90,62.9
98,90,96,50,90,76.4
90,91,96,50,83,65
76,0,82,40,36,51.9
76,91,100,0,0,58.7
81,87,94,4,63,76.5
82,83,90,20,70,72
60,64,76,35,55,48
88,94,78,70,83,87.8
90,77,10,90,67,60.4
0,82,70,30,70,55.2
83,88,93,45,55,52.9
86,100,86,4,80,67.7
96,86,74,50,88,75.9
94,80,96,40,60,65.5
72,87,62,70,71,63.7
97,100,89,2,70,70.6
71.11,62,96,70,90,64.411
98,96,92,90,79,70
0,0,0,0,0,14.5
89,70,100,70,65,71.9
77,94,94,5,60,77.5
76,94,96,40,86,72.2
80,80,84,0,68,60.2
48,97,60,20,17,35.7
91,77,92,60,57,69.2
86,82,70,85,66,73.4
84,92,100,90,100,88.6
88,94,100,1,90,73.7
93,88,99,4,92,77.2
88,100,88,2,92,63.3
84,100,68,4,72,65.9
88,82,94,20,97,78.1
91,83,76,100,0,65.5
76,94,72,45,65,57.2
90,94,86,35,60,68.5
98,64,94,85,100,81.1
72,88,90,100,100,70
44,80,88,20,25,40.7
66,66,88,35,85,61.5
77,94,89,2,94,59.9
94,0,84,50,100,77.3
76,100,92,3,49,52.7
91,64,82,60,75,52.7
81,96,67,4,60,59.9
94,94,96,40,72,79.6
89,100,96,2,84,64.9
86,85,90,10,42,58.8
92,92,94,50,55,68.3
78,90,98,5,65,62.1
85,77,78,70,100,67.5
94,50,96,70,100,65
98,89,100,75,55,79.7
83,100,98,1,83,56.9
94,100,80,50,76,80
98,97,70,20,46,57.6
84,80,92,70,45,65.1
94,100,92,80,100,88.6
72,71,66,30,69,54.3
90,80,74,40,23,65.2
62,87,70,2,52,48.1
86,94,88,20,84,68.7
94,100,100,5,93,81.7
74,88,72,50,74,73.8
77,94,70,0,56,52.7
94,100,98,10,100,71.7
88,74,84,30,53,46.4
70,75,73,5,61,67.9
86,94,100,90,100,93
93,95,95,60,90,58.3
94,80,88,60,98,79.5
86,100,90,40,84,72.5
81,94,96,6,83,83.4
88,70,82,30,73,69.8
93,94,99,7,74,84
82,91,50,45,68,52.6
65,71,73,6,58,59.7
86,70,66,10,58,48
82,97,94,3,73,67.1
88,64,76,70,67,77.5
87,88,62,1,36,51.3
82,94,74,50,87,79.2
98,70,86,50,92,82.1
78,97,54,50,66,63
81,82,86,100,75,83.9
90,93,84,10,45,41.7
100,82,50,25,68,61
76,100,98,2,73,62.2
80,0,42.5,4,44,47.15
82,100,68,2,52,60.2
78,100,60,2,37,46
66,76,82,75,100,71.4
100,100,98,20,68,63.6
86,88,76,45,70,57.5
86,94,74,40,100,66.4
85,95,100,70,70,71
76,100,72,20,74,71.2
77,100,93,5,82,75.2
76,100,100,4,97,71.3
88,94,93,8,97,78.2
86,98,90,60,58,57.2
91,88,98,80,65,63.7
74,94,69,3,66,57.8
90,96,81,3,62,71.4
90,93,78,40,82,73.3
40,92,76,65,15,53.3
86,94,96,30,67,66.8
77,94,80,4,72,64.8
68,100,8,50,64,59
88,82,84,60,70,68.9
86,100,96,7,95,83.7
86,94,72,45,60,69.7
70,75,62,10,51,53.3
84,88,92,60,60,70.9
60,80,60,75,83,67.3
88,86,90,20,78,63.7
88,65,90,50,50,69.3
86,94,91,5,93,73.4
69,100,85,2,61,52.5
76,82,98,60,78,75.4
72,64,70,0,55,60.6
94,57,79,65,56,59.1
82,95,94,90,77,81.3
77,70,100,90,50,59.2
86,100,100,10,13,60.4
92,89,84,40,25,72.5
80,91,78,85,75,73.9
100,98,98,100,97,93.3
94,95,92,40,67,65.8
76,80,84,50,70,64
80,94,82,90,43,80.9
62,68,46,40,32,41.8
81,99,100,8,100,87
94,91,88,45,90,72.3
84,85,84,10,84,63.2
70,86,0,55,85,70.1
84,98,40,10,0,35.7
79,88,11,5,55.5,46.85
74,77,70,35,51,54.7
20,0,0,0,0,15.5
89,99,100,8,96,89.9
86,100,92,3,89,71.2
81,88,100,80,90,76.4
70,82,96,5,67,67.5
80,88,86,25,60,53.4
84,90,86,60,100,82
80,50,66,3,50,57.1
77,100,98,2,79,58.4
88,93,82,30,100,70.8
96,68,80,70,55,51.4
87,76,96,6,73,70.2
82,95,100,60,30,63.2
15,100,99,1,59,65.3
98,70,70,80,95,56.3
62,82,72,65,75,69.6
86,94,88,35,95,69.8
83,64,100,100,90,80.7
94,82,78,40,89,65.3
98,100,97,6,96,90.6
42,94,86,45,15,56.2
70,57,87,4,82,68.6
79,99,90,5,55.5,68.35
84,85,88,30,70,72.2
74,85,93,1,35,41.7
96,83,66,30,46,58.6
90,93,90,50,65,80.3
100,94,94,50,95,76.8
68,92,55,65,58,58.3
92,98,90,90,80,87
81,82,33,5,60,65.1
100,100,96,40,96,87.7
68,94,74,4,30,57.1
96,80,75,55,44,70.5
78,50,94,60,41,41.8
68,94,70,40,80,67.2
94,98,98,30,68,62.8
83,88,96,85,70,73.2
86,99,97,5,70,81.7
75,100,99,4,81,76.5
96,90,94,95,78,76.3
82,80,76,65,20,58.3
62,86,94,20,32,39.9
94,92,86,30,45,57.2
96,94,72,85,80,86.2
84.44,89,84,50,90,70.244
78,98,78,90,75,77.4
76,85,82,30,37,63
84,76,76,45,51,68.7
66,40,66,75,55,38.7
88,85,80,85,80,77.8
94,82,76,75,55,62.2
88,86,96,65,80,79
82,91,91,2,87,75.6
85,94,72,3,50,61.6
74,94,68,50,64,68.5
86,18,54,20,68,35.1
64,94,58,3,39,43
73,68,78,50,90,61.4
86,88,90,50,48,68.2
86,91,44,30,49,49.5
93,95,95,60,94,74.7
80,80,49,80,85,53.4
82,82,68,50,68,69.5
82,10,54,20,36,50.7
73,82,92,60,72,57.9
82,88,74,50,72,75.6
78,94,80,30,44,51.6
86,91,100,40,47,61.9
74,94,90,20,81,57.4
83,91,88,90,93,69.5
94,100,98,50,90,76.7
81,94,78,70,70,73.3
86,100,100,20,71,55.7
93,88,86,100,85,60.7
96,85,93,75,80,76.9
87,88,96,50,75,70.6
88,56,77,55,51,66.2
82,52,10,100,63,53.7
88,85,63,85,20,73.1
88,100,95,60,68,71.1
84,84,98,30,74,60.5
88,79,96,40,76,74.4
0,70,82,15,55,41.2
80,88,100,80,53,80.1
80,99,98,7,91,84.8
86,100,100,6,97,88.3
76,88,72,55,30,58.6
30,85,100,80,70,51.5
93,40,74,55,36,60.8
68,86,62,55,30,55.1
76,97,79,80,89,65.1
80,92,86,70,79,88.2
80,86,74,30,54,59.4
100,76,82,100,85,81.8
72,62,16,70,90,43.5
82,80,70,0,44,38.6
76,94,78,35,50,60.3
93,100,90,5,55,79.8
87,100,88,4,93,80.8
86,94,90,40,80,60
82,100,99,3,73,70.9
56,84,100,30,50,62.5
79,87,86,0,44,62.6
92,90,95,50,50,52.7
82,70,90,20,35,58.2
100,100,94,30,65,80.4
92,87,86,60,74,70.9
86,64,80,65,82,70.7
62,90,69,2,13,37.4
90,87,58,60,56,72.6
45,0,89,90,50,35.4
82,100,68,2,96,73.1
88,90,85,60,75,71.3
82,100,92,5,44,69.8
80,80,96,50,73,66.4
93,94,99,6,74,82
94,100,96,40,97,77.7
78,91,78,35,70,60.7
79,88,96,70,75,60.3
76,94,94,30,67,62.1
74,82,58,100,90,76.9
90,87,94,65,77,67.3
88,94,100,6,90,82.7
88,98,74,30,85,68.5
83,100,90,7,68.5,64.15
74,94,96,40,92,73.6
90,92,100,10,33,59.5
80,68,62,20,50,39
94,75,91,35,95,67.5
96,100,99,4,82,80.2
99,100,99,4,92,86
95,94,95,65,95,77.9
82,100,92,40,50,67.4
89,94,82,45,84,69.9
50,75,80,30,70,68.5
76,76,84,75,57,68.3
76,100,72,45,0,64.3
76,74,70,0,33,36.8
100,100,90,80,94,84.4
88,93,100,20,49,55.5
82,95,80,45,90,68.7
86,94,100,90,65,73.5
86,100,98,30,82,77.6
92,93,84,0,48,64.7
82,82,66,50,70,68.5
84,100,60,2,46,50
70,86,100,30,40,52.1
82,98,94,60,69,77.8
69,63,93,4,0,60.5
94,98,74,80,95,82.1
85,100,100,7,82,88.7
64,62,76,70,90,66.2
94,82,78,30,88,69.7
86,94,76,10,70,62.6
90,88,72,45,85,58
77,100,48,5,76,69.6
84,97,98,7,100,92.4
92,86,60,40,61,66.9
80,94,94,30,95,71.3
82,76,46,30,86,55.5
91,100,70,3,42,59.8
97,100,100,70,68,84
76,98,68,3,16,42.8
73,49,42.5,3,50,46.45
90,91,96,70,98,70.5
86,64,90,25,0,50
82,92,84,50,70,56.3
96,82,96,60,95,73.9
80,97,71,2,59,56.7
82,80,66,40,54,58.2
66,100,80,0,39,54
70,85,68,75,85,61.3
72,91,68,25,50,54.1
93,100,98,8,100,93.6
88,99,100,20,21,55.3
94,95,84,45,78,63.6
88,94,96,70,91,86.9
88,64,70,80,75,73.7
62,84,4,30,60,35
84,82,78,50,70,45.9
88,88,40,60,54,71.5
92,86,50,35,72,62.5
88,94,88,30,65,60.5
60,92,86,50,50,57.3
88,85,80,30,29,49.2
80,94,100,80,83,71.7
64,80,0,65,0,46.9
100,100,86,70,89,87.5
60,26,86,70,100,50.7
100,97,87,55,97,80.6
70,91,90,50,25,48.1
2,0,0,0,84,21.1
56,80,66,0,39,39.6
94,94,86,40,67,68.6
78,94,90,2,86,76.8
10,81,43,4,70.5,48.45
100,94,76,70,72,68.7
38,94,82,10,59,48.8
62,100,80,50,77,78.9
100,76,86,80,80,74.7
77,94,94,7,74,82.4
100,94,92,100,95,90.6
90,99,88,6,73,65.5
91,88,86,100,80,76
80,90,70,30,54,41.4
97,65,100,90,52,70.9
92,100,92,20,80,75.4
71,32,86,70,100,59.4
78,82,88,40,51,64.4
94,92,84,75,80,74
80,100,96,40,87,81.3
74,100,100,20,73,68.2
91,95,95,100,75,88.6
92,78,80,80,55,71.5
88,92,74,60,65,65.4
78,93,46,40,46,63.8
94,100,98,10,30,58.2
77,76,98,60,90,74.6
96,83,89,65,100,77.8
70,100,54,10,83,53.7
82,81,86,30,50,54.4
76,87,60,15,65,49.3
90,91,92,60,30,55.3
78,60,74,30,50,56.2
75,100,49,1,48.5,54.75
80,64,82,45,50,66.6
91,87,82,95,95,81.5
88,98,92,80,91,84.9
91,99,86,6,75,74.6
81,88,80,35,30,57.4
80,70,100,70,63,62.3
58,84,92,50,95,62.4
74,98,96,20,90,67.3
94,100,80,40,66,68
80,81,96,80,56,47.8
74,85,98,30,69,46.6
90,100,92,2,66,75.3
83,99,30,4,77,65.4
94,100,84,40,56,63.9
79,58,84,80,80,69.6
100,88,78,60,91,86.7
74,94,80,10,60,59.8
82,73,60,25,78,62.3
78,93,92,10,59,54.7
83,100,80,35,60,68.3
70,82,72,40,36,51.5
89,82,84,70,75,66.5
76,100,93,6,64,83.3
84,95,85,80,30,57.4
88,100,96,20,82,74.6
73,94,90,5,63,78.5
82,52,52,55,65,45.6
98,96,92,60,100,79.6
82,94,96,20,83,58.5
66,85,70,75,73,67.4
76,92,72,45,45,49.5
71,87,98,2,70,55.1
84,98,82,55,65,78.4
70,92,60,10,50,51.2
82,100,96,65,85,75.3
100,70,78,50,86,71.4
86,90,71,3,73.5,49.05
78,73,67,5,74,62.2
75,69,42.5,3,34,56.55
96,70,86,40,54,71.1
88,82,84,80,74,79.8
87,74,90,4,69,76.5
70,94,100,5,53,68.7
58,0,78,20,55,53.1
66,94,92,6,59,66.6
70,100,98,10,25,53.8
90,70,80,55,80,74
97,90,100,50,73,75.5
88,80,86,80,87,80.1
94,100,70,30,86,74.5
83,100,86,6,81,79.5
94,85,78,25,40,58.2
74,100,96,30,87,76.7
76,74,72,40,75,72.7
80,81,72,5,64,71.2
86,80,82,70,73,75.6
78,94,88,1,68,67.3
84,94,74,30,44,58.6
74,80,37,60,97,58.8
72,100,93,4,88,63.8
78,72,82,10,58,72
68,82,68,65,85,67.3
62,79,90,10,59,58
72,94,88,95,60,80.4
84,72,78,60,70,53.9
92,94,88,30,84,67.3
77,94,72,3,75,65.8
72,68,62,40,55,62.2
68,100,94,50,31,65.8
86,100,78,3,74,63.8
76,100,78,30,75,69.9
73,82,16,80,100,52.1
80,53,74,20,36,62.3
74,92,72,30,88,58.6
76,100,96,3,70,64.7
84,87,98,20,79,71.3
58,80,84,20,40,37.2
68,87,96,50,95,75.1
62,56,80,50,70,64.8
82,92,94,30,66,74.4
0,67,97,3,48,44.2
50,83,92,70,45,62
92,94,70,50,67,74.8
62,68,74,10,40,52.9
86,79,81,6,64,63.5
82,87,80,50,40,68.4
88,78,80,65,15,61.1
66,61,88,20,60,63
82,94,84,10,72,60.2
20,0,0,0,0,10.5
88,100,94,3,71,70.8
86,95,10,80,95,69.1
88,96,89,45,80,61.3
72,74,50,45,34,48.5
75,87,32,4,0,59.9
93,94,100,100,100,93.2
88,100,84,80,83,73
76,95,76,50,29,62.6
68,94,88,35,50,66.5
82,94,100,1,88,75.4
46,100,68,5,52,67.1
60,93,100,10,67,71
94,95,88,40,100,69.7
98,100,100,70,82,88.5
74,100,82,50,81,72.2
96,89,92,50,71,75.3
76,94,96,40,100,78.6
96,94,100,70,100,74
88,76,98,40,91,80.3
77,94,0,4,81,60.7
78,88,91,35,50,55.2
89,100,85,6,91,85.5
92,80,100,60,73,76
84,92,100,50,85,67.6
80,80,94,50,92,74.6
91,100,100,6,83,86.9
58,67,100,60,100,52
88,100,89,1,90,68.7
82,75,58,30,50,54
48,96,46,80,63,73.3
78,88,78,20,23,47.7
72,88,82,30,55,60.7
78,94,98,45,45,62.5
82,88,74,10,66,60.5
72,44,68,45,100,65.4
86,100,96,60,80,74.7
94,89,96,90,100,92.9
86,93,76,60,83,64.8
56,89,96,1,42,43.3
76,100,98,50,70,70.9
88,82,90,35,58,45.3
60,78,92,10,75,70
90,76,66,65,60,72.2
86,82,84,85,100,74.7
94,100,92,60,96,89.7
99,100,100,4,91,74
92,88,82,45,60,63.7
60,88,72,55,60,50
86,94,88,35,80,66.8
87,95,99,7,81,81.7
74,95,100,2,32,58.1
76,76,72,55,90,75.9
100,88,100,90,75,90.3
86,88,82,20,39,68.5
70,94,92,30,74,49.5
72,97,95,4,94,78.8
94,96,100,0,79,65.4
87,100,97,7,67,87.1
88,88,90,30,75,62.6
68,91,70,30,53,54.2
82,100,84,3,70,66.1
0,0,10,40,30,19
90,64,84,85,100,82.3
91,80,72,75,95,67.3
66,68,86,55,45,61.5
88,50,90,60,56,67.9
84,92,100,10,56,67.2
10,72,40,40,39,48.1
86,94,98,50,53,80.1
78,94,96,50,100,57.3
76,87,66,35,80,62.4
82,74,76,70,95,66.7
52,76,70,0,47,59.5
94,82,96,20,16,61.3
81,94,69,6,76,73
94,82,98,45,80,72.4
98,100,100,60,100,74.3
82,80,70,70,62,75.9
72,77,50,25,71,63.5
90,84,100,30,34,55.3
80,98,70,20,90,63.8
88,94,86,20,77,69.5
74,100,58,20,50,57.2
76,94,80,70,68,66.3
82,83,82,10,65,49.7
92,65,100,0,27,48.9
92,92,96,50,73,84.8
78,70,70,20,58,52.1
76,94,96,30,87,74.3
94,94,96,50,100,84.9
100,82,100,70,75,76.7
88,98,90,60,97,76.3
62,4,74,40,48,50.8
92,100,98,40,50,74.5
76,88,62,40,77,65.8
92,88,98,30,59,65.2
68,76,16,50,70,42.5
82,100,72,85,35,74.4
94,100,75,45,73,78.2
68,87,72,1,39,45.6
58,87,100,30,59,70.4
75,100,99,4,83,64.2
82,87,93,85,100,67.2
92,88,78,20,65,61.3
79,70,62,90,70,70.6
58,69,74,40,65,53.6
94,100,92,60,86,77.7
89,46,92,100,53,75
96,92,66,50,29,71.3
79,71,79,2,54,56.8
68,82,16,60,85,47.6
68,74,86,40,56,51.9
82,70,92,80,100,86.4
76,100,90,40,62,71.8
96,88,100,60,75,76.4
88,92,100,60,67,71.7
84,90,85,60,70,55.9
88,100,86,20,74,76.8
89,94,10,70,85,53.3
44,64,92,100,80,66.5
81,85,61,5,56,60.8
86,94,80,30,63,58.3
88,82,68,75,65,70.3
78,94,70,30,75,64.2
70,0,66,25,100,45.6
86,94,80,40,93,81.3
77,88,98,4,84,72.2
88,95,94,20,85,69.2
68,88,94,65,30,62
80,69,80,35,88,69.2
74,84,82,50,60,73.5
74,100,96,4,44,68.9
76,97,80,5,51,68.9
82,82,90,20,81,56.5
94,86,68,35,45,66.3
88,98,76,75,75,73.2
62,62,6,15,60,45
84,93,80,30,58,54.5
88,94,70,40,79,70.1
65,100,85,3,58,68.3
82,93,86,20,68,73.9
77,100,96,3,75,70.8
80,71,88,50,42,61.1
67,85,100,60,100,54.2
75,90,91,5,75,68.1
88,100,70,40,79,77.7
93,100,90,40,68,54.6
84,97,82,45,56,73.4
70,98,70,50,45,49.8
64,100,96,6,67,74.2
68,84,62,40,30,57.4
94,100,78,50,90,73.7
86,70,84,55,60,71
82,75,66,50,36,49.9
88,60,66,20,16,52.5
72,96,69,7,87,63.9
80,94,100,20,68,66.7
100,94,90,55,90,76.9
86,89,66,40,65,55.6
92,64,72,55,80,67.8
94,78,77,60,75,50.9
98,58,20,45,66,58.2
82,98,66,20,80,64.1
88,100,78,60,58,80.4
85,88,80,55,30,61.8
94,98,98,100,80,83.5
12,0,42,35,10,19.9
64,100,67,3,70,59.6
98,87,76,60,70,76.6
75,100,84,3,91,55
56,98,96,20,54,58.9
94,100,100,20,64,65.3
100,100,98,70,85,80.8
96,71,76,60,90,69.8
100,100,96,50,80,82.1
80,88,90,70,73,75.1
92,98,80,40,68,68.3
94,92,63,35,50,64.4
88,99,85,5,84,66.1
86,70,90,70,78,70.9
98,98,56,40,51,56.3
78,99,100,2,75,56.2
82,88,86,60,82,77.8
96,88,80,50,90,70.4
87,68,62,60,80,58.2
78,88,64,30,86,64.1
92,88,78,60,97,85
80,90,94,3,67,58.1
86,80,94,40,90,73
72,96,100,1,85,75.3
94,89,80,50,92,82.5
86,97,89,4,97,76.4
87,88,100,6,93,77.3
70,70,72,45,35,52.7
82,80,82,30,63,60.7
78,96,84,5,57,64.5
75,100,85,3,55,61
88,88,78,50,74,78.3
86,86,75,55,85,72.2
87,98,9,9,65,68.9
86,26,88,40,36,54.1
89,100,99,4,78,70.6
93.33,100,70,70,95,61.833
0,70,74,65,50,54.4
88,95,96,30,0,62.4
52,0,94,4,0,39.6
94,88,94,50,76,72.2
84,92,82,45,80,53.8
93,97,100,8,84,84.9
94,94,76,50,71,70
56,86,80,30,62,61.9
86,82,90,10,55,60.8
80,94,98,70,80,82.2
100,82,100,70,85,68.7
92,100,100,8,96,84.8
76,92,70,10,58,61.6
79,100,97,6,81,81.2
86,98,78,60,75,68.7
62,0,6,35,60,39.3
90,94,86,30,85,74
66,44,68,30,26,35.4
74,93,56,50,36,53.9
83,85,100,60,75,61.3
80,95,86,3,23.5,60.45
91,93,100,60,100,70.4
77,96,84,2,49,58.1
0,0,44,1,40.5,12.45
87,82,78,70,55,56.2
70,88,50,40,85,56.3
90,75,94,50,97,66.6
80,62,90,60,60,64.2
76,64,92,60,75,68.7
91,96,100,90,93,63
81,80,65,4,84,64
72,89,80,20,53,51.9
86,91,92,30,68,63.2
88,94,90,70,95,86.2
91,94,100,80,91,71.1
52,92,78,30,80,67.2
80,94,90,35,38,68.7
66,87,88,60,95,56.6
86,82,74,20,70,63.7
82,86,96,70,60,63.9
80,94,82,35,75,69.1
96,87,82,55,60,72.5
92,89,100,20,80,60.1
86,91,60,55,65,73.2
87,100,100,6,91,80.8
84,98,82,65,70,74.4
91,100,64,3,67,73.2
98,87,90,20,44,52.4
92,68,80,20,0,55
86,100,70,3,90,76.1
66,95,94,30,37,51.7
92,100,100,50,65,75.2
0,92,66,20,55,46.8
0,92,100,30,56,50.3
91,85,85,60,88,74.4
74,94,72,55,65,65.5
84,80,70,70,63,73.7
80,84,80,60,0,70.4
89,90,91,100,55,75
78,93,82,10,53,65.6
94,82,90,60,60,72.1
80,100,85,2,57,64.2
96,76,72,55,35,58.9
82,88,100,0,87,72.2
68,80,81,1,59.4,48.34
82,88,100,50,60,67
76,100,52,50,76,55.4
82,91,70,5,45,55.8
94,100,88,60,74,77.6
88,88,84,75,75,80
74,0,16,50,40,31
77,96,74,1,69,56.6
85,99,98,7,87,79.9
92,100,92,5,75,77.4
80,73,96,20,100,68.4
86,90,94,4,84,56.9
76,88,65,55,51,64.5
83,56,100,60,100,74.9
76,82,92,40,78,64.8
81,99,86,4,36.5,63.75
86,100,96,30,81,76.3
78,96,8,7,57,69.4
78,100,86,6,60,79.4
88,100,92,10,67,62.7
93,100,94,6,75.5,76.75
81,88,100,60,65,66.4
74,94,74,30,88,58.5
84,82,90,95,95,82.6
82,85,92,80,63,78.2
86,88,92,20,70,65.6
88,100,96,8,86,88
76,100,96,7,78,83.5
80,38,94,50,51,65.3
